Workbook

Sheet Сводная
A1: Сова · Сводная по всем направлениям
A2: ="Все кабинеты VK Реклама клиники · данные по "&TEXT($E$3,"DD.MM.YYYY")
A3: Все направления | D3: Данные по | E3: ='⚙ Настройки'!$B$7 | G3: Период с | I3: по | N3: 📈 Подписки и расход по неделям и месяцам (завершённые периоды)
H4: =IF(AND(ISNUMBER(H3),ISNUMBER(J3),H3>J3),"⚠ Дата «с» позже даты «по»",IF(OR(ISNUMBER(H3),ISNUMBER(J3)),"Сравнение — с предыдущим периодом той же длины. Очистите поля, чтобы вернуть текущий месяц.","Пусто — текущий месяц. Дату выбирают двойным щелчком."))
A5: =IF(OR(ISNUMBER($H$3),ISNUMBER($J$3)),"Выбранный период против предыдущего той же длины","Этот месяц против тех же дней прошлого")
A6: Период | B6: Расход | C6: Расход с НДС | D6: Показы | E6: Клики | F6: CTR | G6: CPC | H6: Подписки | I6: Цена подписки | J6: CR в подписку | K6: с | L6: по
A7: =IF(OR(ISNUMBER($H$3),ISNUMBER($J$3)),"Выбранный период","Этот месяц") | B7: =SUMIFS('Данные'!$C:$C,'Данные'!$A:$A,">="&$K$7,'Данные'!$A:$A,"<"&$L$7+1) | C7: =B7*(100+22)/100 | D7: =SUMIFS('Данные'!$D:$D,'Данные'!$A:$A,">="&$K$7,'Данные'!$A:$A,"<"&$L$7+1) | E7: =SUMIFS('Данные'!$E:$E,'Данные'!$A:$A,">="&$K$7,'Данные'!$A:$A,"<"&$L$7+1) | F7: =IFERROR(E7/D7,"") | G7: =IFERROR(B7/E7,"") | H7: =SUMIFS('Данные'!$F:$F,'Данные'!$A:$A,">="&$K$7,'Данные'!$A:$A,"<"&$L$7+1) | I7: =IFERROR(B7/H7,"") | J7: =IFERROR(H7/E7,"") | K7: =IF(ISNUMBER($H$3),$H$3,DATE(YEAR(L7),MONTH(L7),1)) | L7: =IF(ISNUMBER($J$3),$J$3,$E$3)
A8: =IF(OR(ISNUMBER($H$3),ISNUMBER($J$3)),"Предыдущий, той же длины","Прошлый, те же дни") | B8: =SUMIFS('Данные'!$C:$C,'Данные'!$A:$A,">="&$K$8,'Данные'!$A:$A,"<"&$L$8+1) | C8: =B8*(100+22)/100 | D8: =SUMIFS('Данные'!$D:$D,'Данные'!$A:$A,">="&$K$8,'Данные'!$A:$A,"<"&$L$8+1) | E8: =SUMIFS('Данные'!$E:$E,'Данные'!$A:$A,">="&$K$8,'Данные'!$A:$A,"<"&$L$8+1) | F8: =IFERROR(E8/D8,"") | G8: =IFERROR(B8/E8,"") | H8: =SUMIFS('Данные'!$F:$F,'Данные'!$A:$A,">="&$K$8,'Данные'!$A:$A,"<"&$L$8+1) | I8: =IFERROR(B8/H8,"") | J8: =IFERROR(H8/E8,"") | K8: =IF(OR(ISNUMBER($H$3),ISNUMBER($J$3)),2*K7-L7-1,EDATE(K7,-1)) | L8: =IF(OR(ISNUMBER($H$3),ISNUMBER($J$3)),K7-1,EDATE(L7,-1))
A9: Изменение | B9: =IFERROR(B7/B8-1,"") | C9: =IFERROR(C7/C8-1,"") | D9: =IFERROR(D7/D8-1,"") | E9: =IFERROR(E7/E8-1,"") | F9: =IFERROR(F7/F8-1,"") | G9: =IFERROR(G7/G8-1,"") | H9: =IFERROR(H7/H8-1,"") | I9: =IFERROR(I7/I8-1,"") | J9: =IFERROR(J7/J8-1,"")
A11: ="🏥 Направления за "&TEXT($K$7,"DD.MM.YYYY")&" — "&TEXT($L$7,"DD.MM.YYYY")&" (те же даты, что выше)"
A12: Направление | B12: Расход | C12: Расход с НДС | D12: Показы | E12: Клики | F12: CTR | G12: CPC | H12: Подписки | I12: Цена подписки | J12: CR в подписку | K12: Доля расхода
A13: ='⚙ Настройки'!$A$2 | B13: =SUMIFS('Данные'!$C:$C,'Данные'!$A:$A,">="&$K$7,'Данные'!$A:$A,"<"&$L$7+1,'Данные'!$B:$B,$A13) | C13: =B13*(100+22)/100 | D13: =SUMIFS('Данные'!$D:$D,'Данные'!$A:$A,">="&$K$7,'Данные'!$A:$A,"<"&$L$7+1,'Данные'!$B:$B,$A13) | E13: =SUMIFS('Данные'!$E:$E,'Данные'!$A:$A,">="&$K$7,'Данные'!$A:$A,"<"&$L$7+1,'Данные'!$B:$B,$A13) | F13: =IFERROR(E13/D13,"") | G13: =IFERROR(B13/E13,"") | H13: =SUMIFS('Данные'!$F:$F,'Данные'!$A:$A,">="&$K$7,'Данные'!$A:$A,"<"&$L$7+1,'Данные'!$B:$B,$A13) | I13: =IFERROR(B13/H13,"") | J13: =IFERROR(H13/E13,"") | K13: =IFERROR(B13/$B$16,"")
A14: ='⚙ Настройки'!$A$3 | B14: =SUMIFS('Данные'!$C:$C,'Данные'!$A:$A,">="&$K$7,'Данные'!$A:$A,"<"&$L$7+1,'Данные'!$B:$B,$A14) | C14: =B14*(100+22)/100 | D14: =SUMIFS('Данные'!$D:$D,'Данные'!$A:$A,">="&$K$7,'Данные'!$A:$A,"<"&$L$7+1,'Данные'!$B:$B,$A14) | E14: =SUMIFS('Данные'!$E:$E,'Данные'!$A:$A,">="&$K$7,'Данные'!$A:$A,"<"&$L$7+1,'Данные'!$B:$B,$A14) | F14: =IFERROR(E14/D14,"") | G14: =IFERROR(B14/E14,"") | H14: =SUMIFS('Данные'!$F:$F,'Данные'!$A:$A,">="&$K$7,'Данные'!$A:$A,"<"&$L$7+1,'Данные'!$B:$B,$A14) | I14: =IFERROR(B14/H14,"") | J14: =IFERROR(H14/E14,"") | K14: =IFERROR(B14/$B$16,"")
A15: ='⚙ Настройки'!$A$4 | B15: =SUMIFS('Данные'!$C:$C,'Данные'!$A:$A,">="&$K$7,'Данные'!$A:$A,"<"&$L$7+1,'Данные'!$B:$B,$A15) | C15: =B15*(100+22)/100 | D15: =SUMIFS('Данные'!$D:$D,'Данные'!$A:$A,">="&$K$7,'Данные'!$A:$A,"<"&$L$7+1,'Данные'!$B:$B,$A15) | E15: =SUMIFS('Данные'!$E:$E,'Данные'!$A:$A,">="&$K$7,'Данные'!$A:$A,"<"&$L$7+1,'Данные'!$B:$B,$A15) | F15: =IFERROR(E15/D15,"") | G15: =IFERROR(B15/E15,"") | H15: =SUMIFS('Данные'!$F:$F,'Данные'!$A:$A,">="&$K$7,'Данные'!$A:$A,"<"&$L$7+1,'Данные'!$B:$B,$A15) | I15: =IFERROR(B15/H15,"") | J15: =IFERROR(H15/E15,"") | K15: =IFERROR(B15/$B$16,"")
A16: Итого | B16: =SUM(B13:B15) | C16: =B16*(100+22)/100 | D16: =SUM(D13:D15) | E16: =SUM(E13:E15) | F16: =IFERROR(E16/D16,"") | G16: =IFERROR(B16/E16,"") | H16: =SUM(H13:H15) | I16: =IFERROR(B16/H16,"") | J16: =IFERROR(H16/E16,"") | K16: =IFERROR(B16/$B$16,"")
A18: 🧭 Подписки по направлениям, по неделям | D18: Тенденция: | E18: =IFERROR(SLOPE(E20:E45,{1;2;3;4;5;6;7;8;9;10;11;12;13;14;15;16;17;18;19;20;21;22;23;24;25;26})/AVERAGE(E20:E45),"") | F18: в неделю
A19: Неделя | B19: ='⚙ Настройки'!$A$2 | C19: ='⚙ Настройки'!$A$3 | D19: ='⚙ Настройки'!$A$4 | E19: Итого | F19: К прошлой
A20: =TEXT((($E$3-WEEKDAY($E$3,2)+1-7*(WEEKDAY($E$3,2)<7))-7*25),"DD.MM")&"–"&TEXT((($E$3-WEEKDAY($E$3,2)+1-7*(WEEKDAY($E$3,2)<7))-7*25)+6,"DD.MM.YYYY") | B20: =SUMIFS('Данные'!$F:$F,'Данные'!$A:$A,">="&(($E$3-WEEKDAY($E$3,2)+1-7*(WEEKDAY($E$3,2)<7))-7*25),'Данные'!$A:$A,"<"&((($E$3-WEEKDAY($E$3,2)+1-7*(WEEKDAY($E$3,2)<7))-7*25)+6)+1,'Данные'!$B:$B,B$19) | C20: =SUMIFS('Данные'!$F:$F,'Данные'!$A:$A,">="&(($E$3-WEEKDAY($E$3,2)+1-7*(WEEKDAY($E$3,2)<7))-7*25),'Данные'!$A:$A,"<"&((($E$3-WEEKDAY($E$3,2)+1-7*(WEEKDAY($E$3,2)<7))-7*25)+6)+1,'Данные'!$B:$B,C$19) | D20: =SUMIFS('Данные'!$F:$F,'Данные'!$A:$A,">="&(($E$3-WEEKDAY($E$3,2)+1-7*(WEEKDAY($E$3,2)<7))-7*25),'Данные'!$A:$A,"<"&((($E$3-WEEKDAY($E$3,2)+1-7*(WEEKDAY($E$3,2)<7))-7*25)+6)+1,'Данные'!$B:$B,D$19) | E20: =SUM(B20:D20)
A21: =TEXT((($E$3-WEEKDAY($E$3,2)+1-7*(WEEKDAY($E$3,2)<7))-7*24),"DD.MM")&"–"&TEXT((($E$3-WEEKDAY($E$3,2)+1-7*(WEEKDAY($E$3,2)<7))-7*24)+6,"DD.MM.YYYY") | B21: =SUMIFS('Данные'!$F:$F,'Данные'!$A:$A,">="&(($E$3-WEEKDAY($E$3,2)+1-7*(WEEKDAY($E$3,2)<7))-7*24),'Данные'!$A:$A,"<"&((($E$3-WEEKDAY($E$3,2)+1-7*(WEEKDAY($E$3,2)<7))-7*24)+6)+1,'Данные'!$B:$B,B$19) | C21: =SUMIFS('Данные'!$F:$F,'Данные'!$A:$A,">="&(($E$3-WEEKDAY($E$3,2)+1-7*(WEEKDAY($E$3,2)<7))-7*24),'Данные'!$A:$A,"<"&((($E$3-WEEKDAY($E$3,2)+1-7*(WEEKDAY($E$3,2)<7))-7*24)+6)+1,'Данные'!$B:$B,C$19) | D21: =SUMIFS('Данные'!$F:$F,'Данные'!$A:$A,">="&(($E$3-WEEKDAY($E$3,2)+1-7*(WEEKDAY($E$3,2)<7))-7*24),'Данные'!$A:$A,"<"&((($E$3-WEEKDAY($E$3,2)+1-7*(WEEKDAY($E$3,2)<7))-7*24)+6)+1,'Данные'!$B:$B,D$19) | E21: =SUM(B21:D21) | F21: =IFERROR(E21/E20-1,"")
A22: =TEXT((($E$3-WEEKDAY($E$3,2)+1-7*(WEEKDAY($E$3,2)<7))-7*23),"DD.MM")&"–"&TEXT((($E$3-WEEKDAY($E$3,2)+1-7*(WEEKDAY($E$3,2)<7))-7*23)+6,"DD.MM.YYYY") | B22: =SUMIFS('Данные'!$F:$F,'Данные'!$A:$A,">="&(($E$3-WEEKDAY($E$3,2)+1-7*(WEEKDAY($E$3,2)<7))-7*23),'Данные'!$A:$A,"<"&((($E$3-WEEKDAY($E$3,2)+1-7*(WEEKDAY($E$3,2)<7))-7*23)+6)+1,'Данные'!$B:$B,B$19) | C22: =SUMIFS('Данные'!$F:$F,'Данные'!$A:$A,">="&(($E$3-WEEKDAY($E$3,2)+1-7*(WEEKDAY($E$3,2)<7))-7*23),'Данные'!$A:$A,"<"&((($E$3-WEEKDAY($E$3,2)+1-7*(WEEKDAY($E$3,2)<7))-7*23)+6)+1,'Данные'!$B:$B,C$19) | D22: =SUMIFS('Данные'!$F:$F,'Данные'!$A:$A,">="&(($E$3-WEEKDAY($E$3,2)+1-7*(WEEKDAY($E$3,2)<7))-7*23),'Данные'!$A:$A,"<"&((($E$3-WEEKDAY($E$3,2)+1-7*(WEEKDAY($E$3,2)<7))-7*23)+6)+1,'Данные'!$B:$B,D$19) | E22: =SUM(B22:D22) | F22: =IFERROR(E22/E21-1,"")
A23: =TEXT((($E$3-WEEKDAY($E$3,2)+1-7*(WEEKDAY($E$3,2)<7))-7*22),"DD.MM")&"–"&TEXT((($E$3-WEEKDAY($E$3,2)+1-7*(WEEKDAY($E$3,2)<7))-7*22)+6,"DD.MM.YYYY") | B23: =SUMIFS('Данные'!$F:$F,'Данные'!$A:$A,">="&(($E$3-WEEKDAY($E$3,2)+1-7*(WEEKDAY($E$3,2)<7))-7*22),'Данные'!$A:$A,"<"&((($E$3-WEEKDAY($E$3,2)+1-7*(WEEKDAY($E$3,2)<7))-7*22)+6)+1,'Данные'!$B:$B,B$19) | C23: =SUMIFS('Данные'!$F:$F,'Данные'!$A:$A,">="&(($E$3-WEEKDAY($E$3,2)+1-7*(WEEKDAY($E$3,2)<7))-7*22),'Данные'!$A:$A,"<"&((($E$3-WEEKDAY($E$3,2)+1-7*(WEEKDAY($E$3,2)<7))-7*22)+6)+1,'Данные'!$B:$B,C$19) | D23: =SUMIFS('Данные'!$F:$F,'Данные'!$A:$A,">="&(($E$3-WEEKDAY($E$3,2)+1-7*(WEEKDAY($E$3,2)<7))-7*22),'Данные'!$A:$A,"<"&((($E$3-WEEKDAY($E$3,2)+1-7*(WEEKDAY($E$3,2)<7))-7*22)+6)+1,'Данные'!$B:$B,D$19) | E23: =SUM(B23:D23) | F23: =IFERROR(E23/E22-1,"")
A24: =TEXT((($E$3-WEEKDAY($E$3,2)+1-7*(WEEKDAY($E$3,2)<7))-7*21),"DD.MM")&"–"&TEXT((($E$3-WEEKDAY($E$3,2)+1-7*(WEEKDAY($E$3,2)<7))-7*21)+6,"DD.MM.YYYY") | B24: =SUMIFS('Данные'!$F:$F,'Данные'!$A:$A,">="&(($E$3-WEEKDAY($E$3,2)+1-7*(WEEKDAY($E$3,2)<7))-7*21),'Данные'!$A:$A,"<"&((($E$3-WEEKDAY($E$3,2)+1-7*(WEEKDAY($E$3,2)<7))-7*21)+6)+1,'Данные'!$B:$B,B$19) | C24: =SUMIFS('Данные'!$F:$F,'Данные'!$A:$A,">="&(($E$3-WEEKDAY($E$3,2)+1-7*(WEEKDAY($E$3,2)<7))-7*21),'Данные'!$A:$A,"<"&((($E$3-WEEKDAY($E$3,2)+1-7*(WEEKDAY($E$3,2)<7))-7*21)+6)+1,'Данные'!$B:$B,C$19) | D24: =SUMIFS('Данные'!$F:$F,'Данные'!$A:$A,">="&(($E$3-WEEKDAY($E$3,2)+1-7*(WEEKDAY($E$3,2)<7))-7*21),'Данные'!$A:$A,"<"&((($E$3-WEEKDAY($E$3,2)+1-7*(WEEKDAY($E$3,2)<7))-7*21)+6)+1,'Данные'!$B:$B,D$19) | E24: =SUM(B24:D24) | F24: =IFERROR(E24/E23-1,"")
A25: =TEXT((($E$3-WEEKDAY($E$3,2)+1-7*(WEEKDAY($E$3,2)<7))-7*20),"DD.MM")&"–"&TEXT((($E$3-WEEKDAY($E$3,2)+1-7*(WEEKDAY($E$3,2)<7))-7*20)+6,"DD.MM.YYYY") | B25: =SUMIFS('Данные'!$F:$F,'Данные'!$A:$A,">="&(($E$3-WEEKDAY($E$3,2)+1-7*(WEEKDAY($E$3,2)<7))-7*20),'Данные'!$A:$A,"<"&((($E$3-WEEKDAY($E$3,2)+1-7*(WEEKDAY($E$3,2)<7))-7*20)+6)+1,'Данные'!$B:$B,B$19) | C25: =SUMIFS('Данные'!$F:$F,'Данные'!$A:$A,">="&(($E$3-WEEKDAY($E$3,2)+1-7*(WEEKDAY($E$3,2)<7))-7*20),'Данные'!$A:$A,"<"&((($E$3-WEEKDAY($E$3,2)+1-7*(WEEKDAY($E$3,2)<7))-7*20)+6)+1,'Данные'!$B:$B,C$19) | D25: =SUMIFS('Данные'!$F:$F,'Данные'!$A:$A,">="&(($E$3-WEEKDAY($E$3,2)+1-7*(WEEKDAY($E$3,2)<7))-7*20),'Данные'!$A:$A,"<"&((($E$3-WEEKDAY($E$3,2)+1-7*(WEEKDAY($E$3,2)<7))-7*20)+6)+1,'Данные'!$B:$B,D$19) | E25: =SUM(B25:D25) | F25: =IFERROR(E25/E24-1,"")
A26: =TEXT((($E$3-WEEKDAY($E$3,2)+1-7*(WEEKDAY($E$3,2)<7))-7*19),"DD.MM")&"–"&TEXT((($E$3-WEEKDAY($E$3,2)+1-7*(WEEKDAY($E$3,2)<7))-7*19)+6,"DD.MM.YYYY") | B26: =SUMIFS('Данные'!$F:$F,'Данные'!$A:$A,">="&(($E$3-WEEKDAY($E$3,2)+1-7*(WEEKDAY($E$3,2)<7))-7*19),'Данные'!$A:$A,"<"&((($E$3-WEEKDAY($E$3,2)+1-7*(WEEKDAY($E$3,2)<7))-7*19)+6)+1,'Данные'!$B:$B,B$19) | C26: =SUMIFS('Данные'!$F:$F,'Данные'!$A:$A,">="&(($E$3-WEEKDAY($E$3,2)+1-7*(WEEKDAY($E$3,2)<7))-7*19),'Данные'!$A:$A,"<"&((($E$3-WEEKDAY($E$3,2)+1-7*(WEEKDAY($E$3,2)<7))-7*19)+6)+1,'Данные'!$B:$B,C$19) | D26: =SUMIFS('Данные'!$F:$F,'Данные'!$A:$A,">="&(($E$3-WEEKDAY($E$3,2)+1-7*(WEEKDAY($E$3,2)<7))-7*19),'Данные'!$A:$A,"<"&((($E$3-WEEKDAY($E$3,2)+1-7*(WEEKDAY($E$3,2)<7))-7*19)+6)+1,'Данные'!$B:$B,D$19) | E26: =SUM(B26:D26) | F26: =IFERROR(E26/E25-1,"")
A27: =TEXT((($E$3-WEEKDAY($E$3,2)+1-7*(WEEKDAY($E$3,2)<7))-7*18),"DD.MM")&"–"&TEXT((($E$3-WEEKDAY($E$3,2)+1-7*(WEEKDAY($E$3,2)<7))-7*18)+6,"DD.MM.YYYY") | B27: =SUMIFS('Данные'!$F:$F,'Данные'!$A:$A,">="&(($E$3-WEEKDAY($E$3,2)+1-7*(WEEKDAY($E$3,2)<7))-7*18),'Данные'!$A:$A,"<"&((($E$3-WEEKDAY($E$3,2)+1-7*(WEEKDAY($E$3,2)<7))-7*18)+6)+1,'Данные'!$B:$B,B$19) | C27: =SUMIFS('Данные'!$F:$F,'Данные'!$A:$A,">="&(($E$3-WEEKDAY($E$3,2)+1-7*(WEEKDAY($E$3,2)<7))-7*18),'Данные'!$A:$A,"<"&((($E$3-WEEKDAY($E$3,2)+1-7*(WEEKDAY($E$3,2)<7))-7*18)+6)+1,'Данные'!$B:$B,C$19) | D27: =SUMIFS('Данные'!$F:$F,'Данные'!$A:$A,">="&(($E$3-WEEKDAY($E$3,2)+1-7*(WEEKDAY($E$3,2)<7))-7*18),'Данные'!$A:$A,"<"&((($E$3-WEEKDAY($E$3,2)+1-7*(WEEKDAY($E$3,2)<7))-7*18)+6)+1,'Данные'!$B:$B,D$19) | E27: =SUM(B27:D27) | F27: =IFERROR(E27/E26-1,"")
A28: =TEXT((($E$3-WEEKDAY($E$3,2)+1-7*(WEEKDAY($E$3,2)<7))-7*17),"DD.MM")&"–"&TEXT((($E$3-WEEKDAY($E$3,2)+1-7*(WEEKDAY($E$3,2)<7))-7*17)+6,"DD.MM.YYYY") | B28: =SUMIFS('Данные'!$F:$F,'Данные'!$A:$A,">="&(($E$3-WEEKDAY($E$3,2)+1-7*(WEEKDAY($E$3,2)<7))-7*17),'Данные'!$A:$A,"<"&((($E$3-WEEKDAY($E$3,2)+1-7*(WEEKDAY($E$3,2)<7))-7*17)+6)+1,'Данные'!$B:$B,B$19) | C28: =SUMIFS('Данные'!$F:$F,'Данные'!$A:$A,">="&(($E$3-WEEKDAY($E$3,2)+1-7*(WEEKDAY($E$3,2)<7))-7*17),'Данные'!$A:$A,"<"&((($E$3-WEEKDAY($E$3,2)+1-7*(WEEKDAY($E$3,2)<7))-7*17)+6)+1,'Данные'!$B:$B,C$19) | D28: =SUMIFS('Данные'!$F:$F,'Данные'!$A:$A,">="&(($E$3-WEEKDAY($E$3,2)+1-7*(WEEKDAY($E$3,2)<7))-7*17),'Данные'!$A:$A,"<"&((($E$3-WEEKDAY($E$3,2)+1-7*(WEEKDAY($E$3,2)<7))-7*17)+6)+1,'Данные'!$B:$B,D$19) | E28: =SUM(B28:D28) | F28: =IFERROR(E28/E27-1,"")
A29: =TEXT((($E$3-WEEKDAY($E$3,2)+1-7*(WEEKDAY($E$3,2)<7))-7*16),"DD.MM")&"–"&TEXT((($E$3-WEEKDAY($E$3,2)+1-7*(WEEKDAY($E$3,2)<7))-7*16)+6,"DD.MM.YYYY") | B29: =SUMIFS('Данные'!$F:$F,'Данные'!$A:$A,">="&(($E$3-WEEKDAY($E$3,2)+1-7*(WEEKDAY($E$3,2)<7))-7*16),'Данные'!$A:$A,"<"&((($E$3-WEEKDAY($E$3,2)+1-7*(WEEKDAY($E$3,2)<7))-7*16)+6)+1,'Данные'!$B:$B,B$19) | C29: =SUMIFS('Данные'!$F:$F,'Данные'!$A:$A,">="&(($E$3-WEEKDAY($E$3,2)+1-7*(WEEKDAY($E$3,2)<7))-7*16),'Данные'!$A:$A,"<"&((($E$3-WEEKDAY($E$3,2)+1-7*(WEEKDAY($E$3,2)<7))-7*16)+6)+1,'Данные'!$B:$B,C$19) | D29: =SUMIFS('Данные'!$F:$F,'Данные'!$A:$A,">="&(($E$3-WEEKDAY($E$3,2)+1-7*(WEEKDAY($E$3,2)<7))-7*16),'Данные'!$A:$A,"<"&((($E$3-WEEKDAY($E$3,2)+1-7*(WEEKDAY($E$3,2)<7))-7*16)+6)+1,'Данные'!$B:$B,D$19) | E29: =SUM(B29:D29) | F29: =IFERROR(E29/E28-1,"")
A30: =TEXT((($E$3-WEEKDAY($E$3,2)+1-7*(WEEKDAY($E$3,2)<7))-7*15),"DD.MM")&"–"&TEXT((($E$3-WEEKDAY($E$3,2)+1-7*(WEEKDAY($E$3,2)<7))-7*15)+6,"DD.MM.YYYY") | B30: =SUMIFS('Данные'!$F:$F,'Данные'!$A:$A,">="&(($E$3-WEEKDAY($E$3,2)+1-7*(WEEKDAY($E$3,2)<7))-7*15),'Данные'!$A:$A,"<"&((($E$3-WEEKDAY($E$3,2)+1-7*(WEEKDAY($E$3,2)<7))-7*15)+6)+1,'Данные'!$B:$B,B$19) | C30: =SUMIFS('Данные'!$F:$F,'Данные'!$A:$A,">="&(($E$3-WEEKDAY($E$3,2)+1-7*(WEEKDAY($E$3,2)<7))-7*15),'Данные'!$A:$A,"<"&((($E$3-WEEKDAY($E$3,2)+1-7*(WEEKDAY($E$3,2)<7))-7*15)+6)+1,'Данные'!$B:$B,C$19) | D30: =SUMIFS('Данные'!$F:$F,'Данные'!$A:$A,">="&(($E$3-WEEKDAY($E$3,2)+1-7*(WEEKDAY($E$3,2)<7))-7*15),'Данные'!$A:$A,"<"&((($E$3-WEEKDAY($E$3,2)+1-7*(WEEKDAY($E$3,2)<7))-7*15)+6)+1,'Данные'!$B:$B,D$19) | E30: =SUM(B30:D30) | F30: =IFERROR(E30/E29-1,"")
A31: =TEXT((($E$3-WEEKDAY($E$3,2)+1-7*(WEEKDAY($E$3,2)<7))-7*14),"DD.MM")&"–"&TEXT((($E$3-WEEKDAY($E$3,2)+1-7*(WEEKDAY($E$3,2)<7))-7*14)+6,"DD.MM.YYYY") | B31: =SUMIFS('Данные'!$F:$F,'Данные'!$A:$A,">="&(($E$3-WEEKDAY($E$3,2)+1-7*(WEEKDAY($E$3,2)<7))-7*14),'Данные'!$A:$A,"<"&((($E$3-WEEKDAY($E$3,2)+1-7*(WEEKDAY($E$3,2)<7))-7*14)+6)+1,'Данные'!$B:$B,B$19) | C31: =SUMIFS('Данные'!$F:$F,'Данные'!$A:$A,">="&(($E$3-WEEKDAY($E$3,2)+1-7*(WEEKDAY($E$3,2)<7))-7*14),'Данные'!$A:$A,"<"&((($E$3-WEEKDAY($E$3,2)+1-7*(WEEKDAY($E$3,2)<7))-7*14)+6)+1,'Данные'!$B:$B,C$19) | D31: =SUMIFS('Данные'!$F:$F,'Данные'!$A:$A,">="&(($E$3-WEEKDAY($E$3,2)+1-7*(WEEKDAY($E$3,2)<7))-7*14),'Данные'!$A:$A,"<"&((($E$3-WEEKDAY($E$3,2)+1-7*(WEEKDAY($E$3,2)<7))-7*14)+6)+1,'Данные'!$B:$B,D$19) | E31: =SUM(B31:D31) | F31: =IFERROR(E31/E30-1,"")
A32: =TEXT((($E$3-WEEKDAY($E$3,2)+1-7*(WEEKDAY($E$3,2)<7))-7*13),"DD.MM")&"–"&TEXT((($E$3-WEEKDAY($E$3,2)+1-7*(WEEKDAY($E$3,2)<7))-7*13)+6,"DD.MM.YYYY") | B32: =SUMIFS('Данные'!$F:$F,'Данные'!$A:$A,">="&(($E$3-WEEKDAY($E$3,2)+1-7*(WEEKDAY($E$3,2)<7))-7*13),'Данные'!$A:$A,"<"&((($E$3-WEEKDAY($E$3,2)+1-7*(WEEKDAY($E$3,2)<7))-7*13)+6)+1,'Данные'!$B:$B,B$19) | C32: =SUMIFS('Данные'!$F:$F,'Данные'!$A:$A,">="&(($E$3-WEEKDAY($E$3,2)+1-7*(WEEKDAY($E$3,2)<7))-7*13),'Данные'!$A:$A,"<"&((($E$3-WEEKDAY($E$3,2)+1-7*(WEEKDAY($E$3,2)<7))-7*13)+6)+1,'Данные'!$B:$B,C$19) | D32: =SUMIFS('Данные'!$F:$F,'Данные'!$A:$A,">="&(($E$3-WEEKDAY($E$3,2)+1-7*(WEEKDAY($E$3,2)<7))-7*13),'Данные'!$A:$A,"<"&((($E$3-WEEKDAY($E$3,2)+1-7*(WEEKDAY($E$3,2)<7))-7*13)+6)+1,'Данные'!$B:$B,D$19) | E32: =SUM(B32:D32) | F32: =IFERROR(E32/E31-1,"")
A33: =TEXT((($E$3-WEEKDAY($E$3,2)+1-7*(WEEKDAY($E$3,2)<7))-7*12),"DD.MM")&"–"&TEXT((($E$3-WEEKDAY($E$3,2)+1-7*(WEEKDAY($E$3,2)<7))-7*12)+6,"DD.MM.YYYY") | B33: =SUMIFS('Данные'!$F:$F,'Данные'!$A:$A,">="&(($E$3-WEEKDAY($E$3,2)+1-7*(WEEKDAY($E$3,2)<7))-7*12),'Данные'!$A:$A,"<"&((($E$3-WEEKDAY($E$3,2)+1-7*(WEEKDAY($E$3,2)<7))-7*12)+6)+1,'Данные'!$B:$B,B$19) | C33: =SUMIFS('Данные'!$F:$F,'Данные'!$A:$A,">="&(($E$3-WEEKDAY($E$3,2)+1-7*(WEEKDAY($E$3,2)<7))-7*12),'Данные'!$A:$A,"<"&((($E$3-WEEKDAY($E$3,2)+1-7*(WEEKDAY($E$3,2)<7))-7*12)+6)+1,'Данные'!$B:$B,C$19) | D33: =SUMIFS('Данные'!$F:$F,'Данные'!$A:$A,">="&(($E$3-WEEKDAY($E$3,2)+1-7*(WEEKDAY($E$3,2)<7))-7*12),'Данные'!$A:$A,"<"&((($E$3-WEEKDAY($E$3,2)+1-7*(WEEKDAY($E$3,2)<7))-7*12)+6)+1,'Данные'!$B:$B,D$19) | E33: =SUM(B33:D33) | F33: =IFERROR(E33/E32-1,"")
A34: =TEXT((($E$3-WEEKDAY($E$3,2)+1-7*(WEEKDAY($E$3,2)<7))-7*11),"DD.MM")&"–"&TEXT((($E$3-WEEKDAY($E$3,2)+1-7*(WEEKDAY($E$3,2)<7))-7*11)+6,"DD.MM.YYYY") | B34: =SUMIFS('Данные'!$F:$F,'Данные'!$A:$A,">="&(($E$3-WEEKDAY($E$3,2)+1-7*(WEEKDAY($E$3,2)<7))-7*11),'Данные'!$A:$A,"<"&((($E$3-WEEKDAY($E$3,2)+1-7*(WEEKDAY($E$3,2)<7))-7*11)+6)+1,'Данные'!$B:$B,B$19) | C34: =SUMIFS('Данные'!$F:$F,'Данные'!$A:$A,">="&(($E$3-WEEKDAY($E$3,2)+1-7*(WEEKDAY($E$3,2)<7))-7*11),'Данные'!$A:$A,"<"&((($E$3-WEEKDAY($E$3,2)+1-7*(WEEKDAY($E$3,2)<7))-7*11)+6)+1,'Данные'!$B:$B,C$19) | D34: =SUMIFS('Данные'!$F:$F,'Данные'!$A:$A,">="&(($E$3-WEEKDAY($E$3,2)+1-7*(WEEKDAY($E$3,2)<7))-7*11),'Данные'!$A:$A,"<"&((($E$3-WEEKDAY($E$3,2)+1-7*(WEEKDAY($E$3,2)<7))-7*11)+6)+1,'Данные'!$B:$B,D$19) | E34: =SUM(B34:D34) | F34: =IFERROR(E34/E33-1,"")
A35: =TEXT((($E$3-WEEKDAY($E$3,2)+1-7*(WEEKDAY($E$3,2)<7))-7*10),"DD.MM")&"–"&TEXT((($E$3-WEEKDAY($E$3,2)+1-7*(WEEKDAY($E$3,2)<7))-7*10)+6,"DD.MM.YYYY") | B35: =SUMIFS('Данные'!$F:$F,'Данные'!$A:$A,">="&(($E$3-WEEKDAY($E$3,2)+1-7*(WEEKDAY($E$3,2)<7))-7*10),'Данные'!$A:$A,"<"&((($E$3-WEEKDAY($E$3,2)+1-7*(WEEKDAY($E$3,2)<7))-7*10)+6)+1,'Данные'!$B:$B,B$19) | C35: =SUMIFS('Данные'!$F:$F,'Данные'!$A:$A,">="&(($E$3-WEEKDAY($E$3,2)+1-7*(WEEKDAY($E$3,2)<7))-7*10),'Данные'!$A:$A,"<"&((($E$3-WEEKDAY($E$3,2)+1-7*(WEEKDAY($E$3,2)<7))-7*10)+6)+1,'Данные'!$B:$B,C$19) | D35: =SUMIFS('Данные'!$F:$F,'Данные'!$A:$A,">="&(($E$3-WEEKDAY($E$3,2)+1-7*(WEEKDAY($E$3,2)<7))-7*10),'Данные'!$A:$A,"<"&((($E$3-WEEKDAY($E$3,2)+1-7*(WEEKDAY($E$3,2)<7))-7*10)+6)+1,'Данные'!$B:$B,D$19) | E35: =SUM(B35:D35) | F35: =IFERROR(E35/E34-1,"")
A36: =TEXT((($E$3-WEEKDAY($E$3,2)+1-7*(WEEKDAY($E$3,2)<7))-7*9),"DD.MM")&"–"&TEXT((($E$3-WEEKDAY($E$3,2)+1-7*(WEEKDAY($E$3,2)<7))-7*9)+6,"DD.MM.YYYY") | B36: =SUMIFS('Данные'!$F:$F,'Данные'!$A:$A,">="&(($E$3-WEEKDAY($E$3,2)+1-7*(WEEKDAY($E$3,2)<7))-7*9),'Данные'!$A:$A,"<"&((($E$3-WEEKDAY($E$3,2)+1-7*(WEEKDAY($E$3,2)<7))-7*9)+6)+1,'Данные'!$B:$B,B$19) | C36: =SUMIFS('Данные'!$F:$F,'Данные'!$A:$A,">="&(($E$3-WEEKDAY($E$3,2)+1-7*(WEEKDAY($E$3,2)<7))-7*9),'Данные'!$A:$A,"<"&((($E$3-WEEKDAY($E$3,2)+1-7*(WEEKDAY($E$3,2)<7))-7*9)+6)+1,'Данные'!$B:$B,C$19) | D36: =SUMIFS('Данные'!$F:$F,'Данные'!$A:$A,">="&(($E$3-WEEKDAY($E$3,2)+1-7*(WEEKDAY($E$3,2)<7))-7*9),'Данные'!$A:$A,"<"&((($E$3-WEEKDAY($E$3,2)+1-7*(WEEKDAY($E$3,2)<7))-7*9)+6)+1,'Данные'!$B:$B,D$19) | E36: =SUM(B36:D36) | F36: =IFERROR(E36/E35-1,"")
A37: =TEXT((($E$3-WEEKDAY($E$3,2)+1-7*(WEEKDAY($E$3,2)<7))-7*8),"DD.MM")&"–"&TEXT((($E$3-WEEKDAY($E$3,2)+1-7*(WEEKDAY($E$3,2)<7))-7*8)+6,"DD.MM.YYYY") | B37: =SUMIFS('Данные'!$F:$F,'Данные'!$A:$A,">="&(($E$3-WEEKDAY($E$3,2)+1-7*(WEEKDAY($E$3,2)<7))-7*8),'Данные'!$A:$A,"<"&((($E$3-WEEKDAY($E$3,2)+1-7*(WEEKDAY($E$3,2)<7))-7*8)+6)+1,'Данные'!$B:$B,B$19) | C37: =SUMIFS('Данные'!$F:$F,'Данные'!$A:$A,">="&(($E$3-WEEKDAY($E$3,2)+1-7*(WEEKDAY($E$3,2)<7))-7*8),'Данные'!$A:$A,"<"&((($E$3-WEEKDAY($E$3,2)+1-7*(WEEKDAY($E$3,2)<7))-7*8)+6)+1,'Данные'!$B:$B,C$19) | D37: =SUMIFS('Данные'!$F:$F,'Данные'!$A:$A,">="&(($E$3-WEEKDAY($E$3,2)+1-7*(WEEKDAY($E$3,2)<7))-7*8),'Данные'!$A:$A,"<"&((($E$3-WEEKDAY($E$3,2)+1-7*(WEEKDAY($E$3,2)<7))-7*8)+6)+1,'Данные'!$B:$B,D$19) | E37: =SUM(B37:D37) | F37: =IFERROR(E37/E36-1,"")
A38: =TEXT((($E$3-WEEKDAY($E$3,2)+1-7*(WEEKDAY($E$3,2)<7))-7*7),"DD.MM")&"–"&TEXT((($E$3-WEEKDAY($E$3,2)+1-7*(WEEKDAY($E$3,2)<7))-7*7)+6,"DD.MM.YYYY") | B38: =SUMIFS('Данные'!$F:$F,'Данные'!$A:$A,">="&(($E$3-WEEKDAY($E$3,2)+1-7*(WEEKDAY($E$3,2)<7))-7*7),'Данные'!$A:$A,"<"&((($E$3-WEEKDAY($E$3,2)+1-7*(WEEKDAY($E$3,2)<7))-7*7)+6)+1,'Данные'!$B:$B,B$19) | C38: =SUMIFS('Данные'!$F:$F,'Данные'!$A:$A,">="&(($E$3-WEEKDAY($E$3,2)+1-7*(WEEKDAY($E$3,2)<7))-7*7),'Данные'!$A:$A,"<"&((($E$3-WEEKDAY($E$3,2)+1-7*(WEEKDAY($E$3,2)<7))-7*7)+6)+1,'Данные'!$B:$B,C$19) | D38: =SUMIFS('Данные'!$F:$F,'Данные'!$A:$A,">="&(($E$3-WEEKDAY($E$3,2)+1-7*(WEEKDAY($E$3,2)<7))-7*7),'Данные'!$A:$A,"<"&((($E$3-WEEKDAY($E$3,2)+1-7*(WEEKDAY($E$3,2)<7))-7*7)+6)+1,'Данные'!$B:$B,D$19) | E38: =SUM(B38:D38) | F38: =IFERROR(E38/E37-1,"")
A39: =TEXT((($E$3-WEEKDAY($E$3,2)+1-7*(WEEKDAY($E$3,2)<7))-7*6),"DD.MM")&"–"&TEXT((($E$3-WEEKDAY($E$3,2)+1-7*(WEEKDAY($E$3,2)<7))-7*6)+6,"DD.MM.YYYY") | B39: =SUMIFS('Данные'!$F:$F,'Данные'!$A:$A,">="&(($E$3-WEEKDAY($E$3,2)+1-7*(WEEKDAY($E$3,2)<7))-7*6),'Данные'!$A:$A,"<"&((($E$3-WEEKDAY($E$3,2)+1-7*(WEEKDAY($E$3,2)<7))-7*6)+6)+1,'Данные'!$B:$B,B$19) | C39: =SUMIFS('Данные'!$F:$F,'Данные'!$A:$A,">="&(($E$3-WEEKDAY($E$3,2)+1-7*(WEEKDAY($E$3,2)<7))-7*6),'Данные'!$A:$A,"<"&((($E$3-WEEKDAY($E$3,2)+1-7*(WEEKDAY($E$3,2)<7))-7*6)+6)+1,'Данные'!$B:$B,C$19) | D39: =SUMIFS('Данные'!$F:$F,'Данные'!$A:$A,">="&(($E$3-WEEKDAY($E$3,2)+1-7*(WEEKDAY($E$3,2)<7))-7*6),'Данные'!$A:$A,"<"&((($E$3-WEEKDAY($E$3,2)+1-7*(WEEKDAY($E$3,2)<7))-7*6)+6)+1,'Данные'!$B:$B,D$19) | E39: =SUM(B39:D39) | F39: =IFERROR(E39/E38-1,"")
A40: =TEXT((($E$3-WEEKDAY($E$3,2)+1-7*(WEEKDAY($E$3,2)<7))-7*5),"DD.MM")&"–"&TEXT((($E$3-WEEKDAY($E$3,2)+1-7*(WEEKDAY($E$3,2)<7))-7*5)+6,"DD.MM.YYYY") | B40: =SUMIFS('Данные'!$F:$F,'Данные'!$A:$A,">="&(($E$3-WEEKDAY($E$3,2)+1-7*(WEEKDAY($E$3,2)<7))-7*5),'Данные'!$A:$A,"<"&((($E$3-WEEKDAY($E$3,2)+1-7*(WEEKDAY($E$3,2)<7))-7*5)+6)+1,'Данные'!$B:$B,B$19) | C40: =SUMIFS('Данные'!$F:$F,'Данные'!$A:$A,">="&(($E$3-WEEKDAY($E$3,2)+1-7*(WEEKDAY($E$3,2)<7))-7*5),'Данные'!$A:$A,"<"&((($E$3-WEEKDAY($E$3,2)+1-7*(WEEKDAY($E$3,2)<7))-7*5)+6)+1,'Данные'!$B:$B,C$19) | D40: =SUMIFS('Данные'!$F:$F,'Данные'!$A:$A,">="&(($E$3-WEEKDAY($E$3,2)+1-7*(WEEKDAY($E$3,2)<7))-7*5),'Данные'!$A:$A,"<"&((($E$3-WEEKDAY($E$3,2)+1-7*(WEEKDAY($E$3,2)<7))-7*5)+6)+1,'Данные'!$B:$B,D$19) | E40: =SUM(B40:D40) | F40: =IFERROR(E40/E39-1,"")
A41: =TEXT((($E$3-WEEKDAY($E$3,2)+1-7*(WEEKDAY($E$3,2)<7))-7*4),"DD.MM")&"–"&TEXT((($E$3-WEEKDAY($E$3,2)+1-7*(WEEKDAY($E$3,2)<7))-7*4)+6,"DD.MM.YYYY") | B41: =SUMIFS('Данные'!$F:$F,'Данные'!$A:$A,">="&(($E$3-WEEKDAY($E$3,2)+1-7*(WEEKDAY($E$3,2)<7))-7*4),'Данные'!$A:$A,"<"&((($E$3-WEEKDAY($E$3,2)+1-7*(WEEKDAY($E$3,2)<7))-7*4)+6)+1,'Данные'!$B:$B,B$19) | C41: =SUMIFS('Данные'!$F:$F,'Данные'!$A:$A,">="&(($E$3-WEEKDAY($E$3,2)+1-7*(WEEKDAY($E$3,2)<7))-7*4),'Данные'!$A:$A,"<"&((($E$3-WEEKDAY($E$3,2)+1-7*(WEEKDAY($E$3,2)<7))-7*4)+6)+1,'Данные'!$B:$B,C$19) | D41: =SUMIFS('Данные'!$F:$F,'Данные'!$A:$A,">="&(($E$3-WEEKDAY($E$3,2)+1-7*(WEEKDAY($E$3,2)<7))-7*4),'Данные'!$A:$A,"<"&((($E$3-WEEKDAY($E$3,2)+1-7*(WEEKDAY($E$3,2)<7))-7*4)+6)+1,'Данные'!$B:$B,D$19) | E41: =SUM(B41:D41) | F41: =IFERROR(E41/E40-1,"")
A42: =TEXT((($E$3-WEEKDAY($E$3,2)+1-7*(WEEKDAY($E$3,2)<7))-7*3),"DD.MM")&"–"&TEXT((($E$3-WEEKDAY($E$3,2)+1-7*(WEEKDAY($E$3,2)<7))-7*3)+6,"DD.MM.YYYY") | B42: =SUMIFS('Данные'!$F:$F,'Данные'!$A:$A,">="&(($E$3-WEEKDAY($E$3,2)+1-7*(WEEKDAY($E$3,2)<7))-7*3),'Данные'!$A:$A,"<"&((($E$3-WEEKDAY($E$3,2)+1-7*(WEEKDAY($E$3,2)<7))-7*3)+6)+1,'Данные'!$B:$B,B$19) | C42: =SUMIFS('Данные'!$F:$F,'Данные'!$A:$A,">="&(($E$3-WEEKDAY($E$3,2)+1-7*(WEEKDAY($E$3,2)<7))-7*3),'Данные'!$A:$A,"<"&((($E$3-WEEKDAY($E$3,2)+1-7*(WEEKDAY($E$3,2)<7))-7*3)+6)+1,'Данные'!$B:$B,C$19) | D42: =SUMIFS('Данные'!$F:$F,'Данные'!$A:$A,">="&(($E$3-WEEKDAY($E$3,2)+1-7*(WEEKDAY($E$3,2)<7))-7*3),'Данные'!$A:$A,"<"&((($E$3-WEEKDAY($E$3,2)+1-7*(WEEKDAY($E$3,2)<7))-7*3)+6)+1,'Данные'!$B:$B,D$19) | E42: =SUM(B42:D42) | F42: =IFERROR(E42/E41-1,"")
A43: =TEXT((($E$3-WEEKDAY($E$3,2)+1-7*(WEEKDAY($E$3,2)<7))-7*2),"DD.MM")&"–"&TEXT((($E$3-WEEKDAY($E$3,2)+1-7*(WEEKDAY($E$3,2)<7))-7*2)+6,"DD.MM.YYYY") | B43: =SUMIFS('Данные'!$F:$F,'Данные'!$A:$A,">="&(($E$3-WEEKDAY($E$3,2)+1-7*(WEEKDAY($E$3,2)<7))-7*2),'Данные'!$A:$A,"<"&((($E$3-WEEKDAY($E$3,2)+1-7*(WEEKDAY($E$3,2)<7))-7*2)+6)+1,'Данные'!$B:$B,B$19) | C43: =SUMIFS('Данные'!$F:$F,'Данные'!$A:$A,">="&(($E$3-WEEKDAY($E$3,2)+1-7*(WEEKDAY($E$3,2)<7))-7*2),'Данные'!$A:$A,"<"&((($E$3-WEEKDAY($E$3,2)+1-7*(WEEKDAY($E$3,2)<7))-7*2)+6)+1,'Данные'!$B:$B,C$19) | D43: =SUMIFS('Данные'!$F:$F,'Данные'!$A:$A,">="&(($E$3-WEEKDAY($E$3,2)+1-7*(WEEKDAY($E$3,2)<7))-7*2),'Данные'!$A:$A,"<"&((($E$3-WEEKDAY($E$3,2)+1-7*(WEEKDAY($E$3,2)<7))-7*2)+6)+1,'Данные'!$B:$B,D$19) | E43: =SUM(B43:D43) | F43: =IFERROR(E43/E42-1,"")
A44: =TEXT((($E$3-WEEKDAY($E$3,2)+1-7*(WEEKDAY($E$3,2)<7))-7*1),"DD.MM")&"–"&TEXT((($E$3-WEEKDAY($E$3,2)+1-7*(WEEKDAY($E$3,2)<7))-7*1)+6,"DD.MM.YYYY") | B44: =SUMIFS('Данные'!$F:$F,'Данные'!$A:$A,">="&(($E$3-WEEKDAY($E$3,2)+1-7*(WEEKDAY($E$3,2)<7))-7*1),'Данные'!$A:$A,"<"&((($E$3-WEEKDAY($E$3,2)+1-7*(WEEKDAY($E$3,2)<7))-7*1)+6)+1,'Данные'!$B:$B,B$19) | C44: =SUMIFS('Данные'!$F:$F,'Данные'!$A:$A,">="&(($E$3-WEEKDAY($E$3,2)+1-7*(WEEKDAY($E$3,2)<7))-7*1),'Данные'!$A:$A,"<"&((($E$3-WEEKDAY($E$3,2)+1-7*(WEEKDAY($E$3,2)<7))-7*1)+6)+1,'Данные'!$B:$B,C$19) | D44: =SUMIFS('Данные'!$F:$F,'Данные'!$A:$A,">="&(($E$3-WEEKDAY($E$3,2)+1-7*(WEEKDAY($E$3,2)<7))-7*1),'Данные'!$A:$A,"<"&((($E$3-WEEKDAY($E$3,2)+1-7*(WEEKDAY($E$3,2)<7))-7*1)+6)+1,'Данные'!$B:$B,D$19) | E44: =SUM(B44:D44) | F44: =IFERROR(E44/E43-1,"")
A45: =TEXT((($E$3-WEEKDAY($E$3,2)+1-7*(WEEKDAY($E$3,2)<7))-7*0),"DD.MM")&"–"&TEXT((($E$3-WEEKDAY($E$3,2)+1-7*(WEEKDAY($E$3,2)<7))-7*0)+6,"DD.MM.YYYY") | B45: =SUMIFS('Данные'!$F:$F,'Данные'!$A:$A,">="&(($E$3-WEEKDAY($E$3,2)+1-7*(WEEKDAY($E$3,2)<7))-7*0),'Данные'!$A:$A,"<"&((($E$3-WEEKDAY($E$3,2)+1-7*(WEEKDAY($E$3,2)<7))-7*0)+6)+1,'Данные'!$B:$B,B$19) | C45: =SUMIFS('Данные'!$F:$F,'Данные'!$A:$A,">="&(($E$3-WEEKDAY($E$3,2)+1-7*(WEEKDAY($E$3,2)<7))-7*0),'Данные'!$A:$A,"<"&((($E$3-WEEKDAY($E$3,2)+1-7*(WEEKDAY($E$3,2)<7))-7*0)+6)+1,'Данные'!$B:$B,C$19) | D45: =SUMIFS('Данные'!$F:$F,'Данные'!$A:$A,">="&(($E$3-WEEKDAY($E$3,2)+1-7*(WEEKDAY($E$3,2)<7))-7*0),'Данные'!$A:$A,"<"&((($E$3-WEEKDAY($E$3,2)+1-7*(WEEKDAY($E$3,2)<7))-7*0)+6)+1,'Данные'!$B:$B,D$19) | E45: =SUM(B45:D45) | F45: =IFERROR(E45/E44-1,"")
A47: Цена подписки по направлениям, по неделям
A48: Неделя | B48: ='⚙ Настройки'!$A$2 | C48: ='⚙ Настройки'!$A$3 | D48: ='⚙ Настройки'!$A$4 | E48: Итого
A49: =TEXT((($E$3-WEEKDAY($E$3,2)+1-7*(WEEKDAY($E$3,2)<7))-7*25),"DD.MM")&"–"&TEXT((($E$3-WEEKDAY($E$3,2)+1-7*(WEEKDAY($E$3,2)<7))-7*25)+6,"DD.MM.YYYY") | B49: =IFERROR(B78/B20,"") | C49: =IFERROR(C78/C20,"") | D49: =IFERROR(D78/D20,"") | E49: =IFERROR(E78/E20,"")
A50: =TEXT((($E$3-WEEKDAY($E$3,2)+1-7*(WEEKDAY($E$3,2)<7))-7*24),"DD.MM")&"–"&TEXT((($E$3-WEEKDAY($E$3,2)+1-7*(WEEKDAY($E$3,2)<7))-7*24)+6,"DD.MM.YYYY") | B50: =IFERROR(B79/B21,"") | C50: =IFERROR(C79/C21,"") | D50: =IFERROR(D79/D21,"") | E50: =IFERROR(E79/E21,"")
A51: =TEXT((($E$3-WEEKDAY($E$3,2)+1-7*(WEEKDAY($E$3,2)<7))-7*23),"DD.MM")&"–"&TEXT((($E$3-WEEKDAY($E$3,2)+1-7*(WEEKDAY($E$3,2)<7))-7*23)+6,"DD.MM.YYYY") | B51: =IFERROR(B80/B22,"") | C51: =IFERROR(C80/C22,"") | D51: =IFERROR(D80/D22,"") | E51: =IFERROR(E80/E22,"")
A52: =TEXT((($E$3-WEEKDAY($E$3,2)+1-7*(WEEKDAY($E$3,2)<7))-7*22),"DD.MM")&"–"&TEXT((($E$3-WEEKDAY($E$3,2)+1-7*(WEEKDAY($E$3,2)<7))-7*22)+6,"DD.MM.YYYY") | B52: =IFERROR(B81/B23,"") | C52: =IFERROR(C81/C23,"") | D52: =IFERROR(D81/D23,"") | E52: =IFERROR(E81/E23,"")
A53: =TEXT((($E$3-WEEKDAY($E$3,2)+1-7*(WEEKDAY($E$3,2)<7))-7*21),"DD.MM")&"–"&TEXT((($E$3-WEEKDAY($E$3,2)+1-7*(WEEKDAY($E$3,2)<7))-7*21)+6,"DD.MM.YYYY") | B53: =IFERROR(B82/B24,"") | C53: =IFERROR(C82/C24,"") | D53: =IFERROR(D82/D24,"") | E53: =IFERROR(E82/E24,"")
A54: =TEXT((($E$3-WEEKDAY($E$3,2)+1-7*(WEEKDAY($E$3,2)<7))-7*20),"DD.MM")&"–"&TEXT((($E$3-WEEKDAY($E$3,2)+1-7*(WEEKDAY($E$3,2)<7))-7*20)+6,"DD.MM.YYYY") | B54: =IFERROR(B83/B25,"") | C54: =IFERROR(C83/C25,"") | D54: =IFERROR(D83/D25,"") | E54: =IFERROR(E83/E25,"")
A55: =TEXT((($E$3-WEEKDAY($E$3,2)+1-7*(WEEKDAY($E$3,2)<7))-7*19),"DD.MM")&"–"&TEXT((($E$3-WEEKDAY($E$3,2)+1-7*(WEEKDAY($E$3,2)<7))-7*19)+6,"DD.MM.YYYY") | B55: =IFERROR(B84/B26,"") | C55: =IFERROR(C84/C26,"") | D55: =IFERROR(D84/D26,"") | E55: =IFERROR(E84/E26,"")
A56: =TEXT((($E$3-WEEKDAY($E$3,2)+1-7*(WEEKDAY($E$3,2)<7))-7*18),"DD.MM")&"–"&TEXT((($E$3-WEEKDAY($E$3,2)+1-7*(WEEKDAY($E$3,2)<7))-7*18)+6,"DD.MM.YYYY") | B56: =IFERROR(B85/B27,"") | C56: =IFERROR(C85/C27,"") | D56: =IFERROR(D85/D27,"") | E56: =IFERROR(E85/E27,"")
A57: =TEXT((($E$3-WEEKDAY($E$3,2)+1-7*(WEEKDAY($E$3,2)<7))-7*17),"DD.MM")&"–"&TEXT((($E$3-WEEKDAY($E$3,2)+1-7*(WEEKDAY($E$3,2)<7))-7*17)+6,"DD.MM.YYYY") | B57: =IFERROR(B86/B28,"") | C57: =IFERROR(C86/C28,"") | D57: =IFERROR(D86/D28,"") | E57: =IFERROR(E86/E28,"")
A58: =TEXT((($E$3-WEEKDAY($E$3,2)+1-7*(WEEKDAY($E$3,2)<7))-7*16),"DD.MM")&"–"&TEXT((($E$3-WEEKDAY($E$3,2)+1-7*(WEEKDAY($E$3,2)<7))-7*16)+6,"DD.MM.YYYY") | B58: =IFERROR(B87/B29,"") | C58: =IFERROR(C87/C29,"") | D58: =IFERROR(D87/D29,"") | E58: =IFERROR(E87/E29,"")
A59: =TEXT((($E$3-WEEKDAY($E$3,2)+1-7*(WEEKDAY($E$3,2)<7))-7*15),"DD.MM")&"–"&TEXT((($E$3-WEEKDAY($E$3,2)+1-7*(WEEKDAY($E$3,2)<7))-7*15)+6,"DD.MM.YYYY") | B59: =IFERROR(B88/B30,"") | C59: =IFERROR(C88/C30,"") | D59: =IFERROR(D88/D30,"") | E59: =IFERROR(E88/E30,"")
A60: =TEXT((($E$3-WEEKDAY($E$3,2)+1-7*(WEEKDAY($E$3,2)<7))-7*14),"DD.MM")&"–"&TEXT((($E$3-WEEKDAY($E$3,2)+1-7*(WEEKDAY($E$3,2)<7))-7*14)+6,"DD.MM.YYYY") | B60: =IFERROR(B89/B31,"") | C60: =IFERROR(C89/C31,"") | D60: =IFERROR(D89/D31,"") | E60: =IFERROR(E89/E31,"")
A61: =TEXT((($E$3-WEEKDAY($E$3,2)+1-7*(WEEKDAY($E$3,2)<7))-7*13),"DD.MM")&"–"&TEXT((($E$3-WEEKDAY($E$3,2)+1-7*(WEEKDAY($E$3,2)<7))-7*13)+6,"DD.MM.YYYY") | B61: =IFERROR(B90/B32,"") | C61: =IFERROR(C90/C32,"") | D61: =IFERROR(D90/D32,"") | E61: =IFERROR(E90/E32,"")
A62: =TEXT((($E$3-WEEKDAY($E$3,2)+1-7*(WEEKDAY($E$3,2)<7))-7*12),"DD.MM")&"–"&TEXT((($E$3-WEEKDAY($E$3,2)+1-7*(WEEKDAY($E$3,2)<7))-7*12)+6,"DD.MM.YYYY") | B62: =IFERROR(B91/B33,"") | C62: =IFERROR(C91/C33,"") | D62: =IFERROR(D91/D33,"") | E62: =IFERROR(E91/E33,"")
A63: =TEXT((($E$3-WEEKDAY($E$3,2)+1-7*(WEEKDAY($E$3,2)<7))-7*11),"DD.MM")&"–"&TEXT((($E$3-WEEKDAY($E$3,2)+1-7*(WEEKDAY($E$3,2)<7))-7*11)+6,"DD.MM.YYYY") | B63: =IFERROR(B92/B34,"") | C63: =IFERROR(C92/C34,"") | D63: =IFERROR(D92/D34,"") | E63: =IFERROR(E92/E34,"")
A64: =TEXT((($E$3-WEEKDAY($E$3,2)+1-7*(WEEKDAY($E$3,2)<7))-7*10),"DD.MM")&"–"&TEXT((($E$3-WEEKDAY($E$3,2)+1-7*(WEEKDAY($E$3,2)<7))-7*10)+6,"DD.MM.YYYY") | B64: =IFERROR(B93/B35,"") | C64: =IFERROR(C93/C35,"") | D64: =IFERROR(D93/D35,"") | E64: =IFERROR(E93/E35,"")
A65: =TEXT((($E$3-WEEKDAY($E$3,2)+1-7*(WEEKDAY($E$3,2)<7))-7*9),"DD.MM")&"–"&TEXT((($E$3-WEEKDAY($E$3,2)+1-7*(WEEKDAY($E$3,2)<7))-7*9)+6,"DD.MM.YYYY") | B65: =IFERROR(B94/B36,"") | C65: =IFERROR(C94/C36,"") | D65: =IFERROR(D94/D36,"") | E65: =IFERROR(E94/E36,"")
A66: =TEXT((($E$3-WEEKDAY($E$3,2)+1-7*(WEEKDAY($E$3,2)<7))-7*8),"DD.MM")&"–"&TEXT((($E$3-WEEKDAY($E$3,2)+1-7*(WEEKDAY($E$3,2)<7))-7*8)+6,"DD.MM.YYYY") | B66: =IFERROR(B95/B37,"") | C66: =IFERROR(C95/C37,"") | D66: =IFERROR(D95/D37,"") | E66: =IFERROR(E95/E37,"")
A67: =TEXT((($E$3-WEEKDAY($E$3,2)+1-7*(WEEKDAY($E$3,2)<7))-7*7),"DD.MM")&"–"&TEXT((($E$3-WEEKDAY($E$3,2)+1-7*(WEEKDAY($E$3,2)<7))-7*7)+6,"DD.MM.YYYY") | B67: =IFERROR(B96/B38,"") | C67: =IFERROR(C96/C38,"") | D67: =IFERROR(D96/D38,"") | E67: =IFERROR(E96/E38,"")
A68: =TEXT((($E$3-WEEKDAY($E$3,2)+1-7*(WEEKDAY($E$3,2)<7))-7*6),"DD.MM")&"–"&TEXT((($E$3-WEEKDAY($E$3,2)+1-7*(WEEKDAY($E$3,2)<7))-7*6)+6,"DD.MM.YYYY") | B68: =IFERROR(B97/B39,"") | C68: =IFERROR(C97/C39,"") | D68: =IFERROR(D97/D39,"") | E68: =IFERROR(E97/E39,"")
A69: =TEXT((($E$3-WEEKDAY($E$3,2)+1-7*(WEEKDAY($E$3,2)<7))-7*5),"DD.MM")&"–"&TEXT((($E$3-WEEKDAY($E$3,2)+1-7*(WEEKDAY($E$3,2)<7))-7*5)+6,"DD.MM.YYYY") | B69: =IFERROR(B98/B40,"") | C69: =IFERROR(C98/C40,"") | D69: =IFERROR(D98/D40,"") | E69: =IFERROR(E98/E40,"")
A70: =TEXT((($E$3-WEEKDAY($E$3,2)+1-7*(WEEKDAY($E$3,2)<7))-7*4),"DD.MM")&"–"&TEXT((($E$3-WEEKDAY($E$3,2)+1-7*(WEEKDAY($E$3,2)<7))-7*4)+6,"DD.MM.YYYY") | B70: =IFERROR(B99/B41,"") | C70: =IFERROR(C99/C41,"") | D70: =IFERROR(D99/D41,"") | E70: =IFERROR(E99/E41,"")
A71: =TEXT((($E$3-WEEKDAY($E$3,2)+1-7*(WEEKDAY($E$3,2)<7))-7*3),"DD.MM")&"–"&TEXT((($E$3-WEEKDAY($E$3,2)+1-7*(WEEKDAY($E$3,2)<7))-7*3)+6,"DD.MM.YYYY") | B71: =IFERROR(B100/B42,"") | C71: =IFERROR(C100/C42,"") | D71: =IFERROR(D100/D42,"") | E71: =IFERROR(E100/E42,"")
A72: =TEXT((($E$3-WEEKDAY($E$3,2)+1-7*(WEEKDAY($E$3,2)<7))-7*2),"DD.MM")&"–"&TEXT((($E$3-WEEKDAY($E$3,2)+1-7*(WEEKDAY($E$3,2)<7))-7*2)+6,"DD.MM.YYYY") | B72: =IFERROR(B101/B43,"") | C72: =IFERROR(C101/C43,"") | D72: =IFERROR(D101/D43,"") | E72: =IFERROR(E101/E43,"")
A73: =TEXT((($E$3-WEEKDAY($E$3,2)+1-7*(WEEKDAY($E$3,2)<7))-7*1),"DD.MM")&"–"&TEXT((($E$3-WEEKDAY($E$3,2)+1-7*(WEEKDAY($E$3,2)<7))-7*1)+6,"DD.MM.YYYY") | B73: =IFERROR(B102/B44,"") | C73: =IFERROR(C102/C44,"") | D73: =IFERROR(D102/D44,"") | E73: =IFERROR(E102/E44,"")
A74: =TEXT((($E$3-WEEKDAY($E$3,2)+1-7*(WEEKDAY($E$3,2)<7))-7*0),"DD.MM")&"–"&TEXT((($E$3-WEEKDAY($E$3,2)+1-7*(WEEKDAY($E$3,2)<7))-7*0)+6,"DD.MM.YYYY") | B74: =IFERROR(B103/B45,"") | C74: =IFERROR(C103/C45,"") | D74: =IFERROR(D103/D45,"") | E74: =IFERROR(E103/E45,"")
A76: Расход по направлениям, по неделям
A77: Неделя | B77: ='⚙ Настройки'!$A$2 | C77: ='⚙ Настройки'!$A$3 | D77: ='⚙ Настройки'!$A$4 | E77: Итого
A78: =TEXT((($E$3-WEEKDAY($E$3,2)+1-7*(WEEKDAY($E$3,2)<7))-7*25),"DD.MM")&"–"&TEXT((($E$3-WEEKDAY($E$3,2)+1-7*(WEEKDAY($E$3,2)<7))-7*25)+6,"DD.MM.YYYY") | B78: =SUMIFS('Данные'!$C:$C,'Данные'!$A:$A,">="&(($E$3-WEEKDAY($E$3,2)+1-7*(WEEKDAY($E$3,2)<7))-7*25),'Данные'!$A:$A,"<"&((($E$3-WEEKDAY($E$3,2)+1-7*(WEEKDAY($E$3,2)<7))-7*25)+6)+1,'Данные'!$B:$B,B$77) | C78: =SUMIFS('Данные'!$C:$C,'Данные'!$A:$A,">="&(($E$3-WEEKDAY($E$3,2)+1-7*(WEEKDAY($E$3,2)<7))-7*25),'Данные'!$A:$A,"<"&((($E$3-WEEKDAY($E$3,2)+1-7*(WEEKDAY($E$3,2)<7))-7*25)+6)+1,'Данные'!$B:$B,C$77) | D78: =SUMIFS('Данные'!$C:$C,'Данные'!$A:$A,">="&(($E$3-WEEKDAY($E$3,2)+1-7*(WEEKDAY($E$3,2)<7))-7*25),'Данные'!$A:$A,"<"&((($E$3-WEEKDAY($E$3,2)+1-7*(WEEKDAY($E$3,2)<7))-7*25)+6)+1,'Данные'!$B:$B,D$77) | E78: =SUM(B78:D78)
A79: =TEXT((($E$3-WEEKDAY($E$3,2)+1-7*(WEEKDAY($E$3,2)<7))-7*24),"DD.MM")&"–"&TEXT((($E$3-WEEKDAY($E$3,2)+1-7*(WEEKDAY($E$3,2)<7))-7*24)+6,"DD.MM.YYYY") | B79: =SUMIFS('Данные'!$C:$C,'Данные'!$A:$A,">="&(($E$3-WEEKDAY($E$3,2)+1-7*(WEEKDAY($E$3,2)<7))-7*24),'Данные'!$A:$A,"<"&((($E$3-WEEKDAY($E$3,2)+1-7*(WEEKDAY($E$3,2)<7))-7*24)+6)+1,'Данные'!$B:$B,B$77) | C79: =SUMIFS('Данные'!$C:$C,'Данные'!$A:$A,">="&(($E$3-WEEKDAY($E$3,2)+1-7*(WEEKDAY($E$3,2)<7))-7*24),'Данные'!$A:$A,"<"&((($E$3-WEEKDAY($E$3,2)+1-7*(WEEKDAY($E$3,2)<7))-7*24)+6)+1,'Данные'!$B:$B,C$77) | D79: =SUMIFS('Данные'!$C:$C,'Данные'!$A:$A,">="&(($E$3-WEEKDAY($E$3,2)+1-7*(WEEKDAY($E$3,2)<7))-7*24),'Данные'!$A:$A,"<"&((($E$3-WEEKDAY($E$3,2)+1-7*(WEEKDAY($E$3,2)<7))-7*24)+6)+1,'Данные'!$B:$B,D$77) | E79: =SUM(B79:D79)
A80: =TEXT((($E$3-WEEKDAY($E$3,2)+1-7*(WEEKDAY($E$3,2)<7))-7*23),"DD.MM")&"–"&TEXT((($E$3-WEEKDAY($E$3,2)+1-7*(WEEKDAY($E$3,2)<7))-7*23)+6,"DD.MM.YYYY") | B80: =SUMIFS('Данные'!$C:$C,'Данные'!$A:$A,">="&(($E$3-WEEKDAY($E$3,2)+1-7*(WEEKDAY($E$3,2)<7))-7*23),'Данные'!$A:$A,"<"&((($E$3-WEEKDAY($E$3,2)+1-7*(WEEKDAY($E$3,2)<7))-7*23)+6)+1,'Данные'!$B:$B,B$77) | C80: =SUMIFS('Данные'!$C:$C,'Данные'!$A:$A,">="&(($E$3-WEEKDAY($E$3,2)+1-7*(WEEKDAY($E$3,2)<7))-7*23),'Данные'!$A:$A,"<"&((($E$3-WEEKDAY($E$3,2)+1-7*(WEEKDAY($E$3,2)<7))-7*23)+6)+1,'Данные'!$B:$B,C$77) | D80: =SUMIFS('Данные'!$C:$C,'Данные'!$A:$A,">="&(($E$3-WEEKDAY($E$3,2)+1-7*(WEEKDAY($E$3,2)<7))-7*23),'Данные'!$A:$A,"<"&((($E$3-WEEKDAY($E$3,2)+1-7*(WEEKDAY($E$3,2)<7))-7*23)+6)+1,'Данные'!$B:$B,D$77) | E80: =SUM(B80:D80)
A81: =TEXT((($E$3-WEEKDAY($E$3,2)+1-7*(WEEKDAY($E$3,2)<7))-7*22),"DD.MM")&"–"&TEXT((($E$3-WEEKDAY($E$3,2)+1-7*(WEEKDAY($E$3,2)<7))-7*22)+6,"DD.MM.YYYY") | B81: =SUMIFS('Данные'!$C:$C,'Данные'!$A:$A,">="&(($E$3-WEEKDAY($E$3,2)+1-7*(WEEKDAY($E$3,2)<7))-7*22),'Данные'!$A:$A,"<"&((($E$3-WEEKDAY($E$3,2)+1-7*(WEEKDAY($E$3,2)<7))-7*22)+6)+1,'Данные'!$B:$B,B$77) | C81: =SUMIFS('Данные'!$C:$C,'Данные'!$A:$A,">="&(($E$3-WEEKDAY($E$3,2)+1-7*(WEEKDAY($E$3,2)<7))-7*22),'Данные'!$A:$A,"<"&((($E$3-WEEKDAY($E$3,2)+1-7*(WEEKDAY($E$3,2)<7))-7*22)+6)+1,'Данные'!$B:$B,C$77) | D81: =SUMIFS('Данные'!$C:$C,'Данные'!$A:$A,">="&(($E$3-WEEKDAY($E$3,2)+1-7*(WEEKDAY($E$3,2)<7))-7*22),'Данные'!$A:$A,"<"&((($E$3-WEEKDAY($E$3,2)+1-7*(WEEKDAY($E$3,2)<7))-7*22)+6)+1,'Данные'!$B:$B,D$77) | E81: =SUM(B81:D81)
A82: =TEXT((($E$3-WEEKDAY($E$3,2)+1-7*(WEEKDAY($E$3,2)<7))-7*21),"DD.MM")&"–"&TEXT((($E$3-WEEKDAY($E$3,2)+1-7*(WEEKDAY($E$3,2)<7))-7*21)+6,"DD.MM.YYYY") | B82: =SUMIFS('Данные'!$C:$C,'Данные'!$A:$A,">="&(($E$3-WEEKDAY($E$3,2)+1-7*(WEEKDAY($E$3,2)<7))-7*21),'Данные'!$A:$A,"<"&((($E$3-WEEKDAY($E$3,2)+1-7*(WEEKDAY($E$3,2)<7))-7*21)+6)+1,'Данные'!$B:$B,B$77) | C82: =SUMIFS('Данные'!$C:$C,'Данные'!$A:$A,">="&(($E$3-WEEKDAY($E$3,2)+1-7*(WEEKDAY($E$3,2)<7))-7*21),'Данные'!$A:$A,"<"&((($E$3-WEEKDAY($E$3,2)+1-7*(WEEKDAY($E$3,2)<7))-7*21)+6)+1,'Данные'!$B:$B,C$77) | D82: =SUMIFS('Данные'!$C:$C,'Данные'!$A:$A,">="&(($E$3-WEEKDAY($E$3,2)+1-7*(WEEKDAY($E$3,2)<7))-7*21),'Данные'!$A:$A,"<"&((($E$3-WEEKDAY($E$3,2)+1-7*(WEEKDAY($E$3,2)<7))-7*21)+6)+1,'Данные'!$B:$B,D$77) | E82: =SUM(B82:D82)
A83: =TEXT((($E$3-WEEKDAY($E$3,2)+1-7*(WEEKDAY($E$3,2)<7))-7*20),"DD.MM")&"–"&TEXT((($E$3-WEEKDAY($E$3,2)+1-7*(WEEKDAY($E$3,2)<7))-7*20)+6,"DD.MM.YYYY") | B83: =SUMIFS('Данные'!$C:$C,'Данные'!$A:$A,">="&(($E$3-WEEKDAY($E$3,2)+1-7*(WEEKDAY($E$3,2)<7))-7*20),'Данные'!$A:$A,"<"&((($E$3-WEEKDAY($E$3,2)+1-7*(WEEKDAY($E$3,2)<7))-7*20)+6)+1,'Данные'!$B:$B,B$77) | C83: =SUMIFS('Данные'!$C:$C,'Данные'!$A:$A,">="&(($E$3-WEEKDAY($E$3,2)+1-7*(WEEKDAY($E$3,2)<7))-7*20),'Данные'!$A:$A,"<"&((($E$3-WEEKDAY($E$3,2)+1-7*(WEEKDAY($E$3,2)<7))-7*20)+6)+1,'Данные'!$B:$B,C$77) | D83: =SUMIFS('Данные'!$C:$C,'Данные'!$A:$A,">="&(($E$3-WEEKDAY($E$3,2)+1-7*(WEEKDAY($E$3,2)<7))-7*20),'Данные'!$A:$A,"<"&((($E$3-WEEKDAY($E$3,2)+1-7*(WEEKDAY($E$3,2)<7))-7*20)+6)+1,'Данные'!$B:$B,D$77) | E83: =SUM(B83:D83)
A84: =TEXT((($E$3-WEEKDAY($E$3,2)+1-7*(WEEKDAY($E$3,2)<7))-7*19),"DD.MM")&"–"&TEXT((($E$3-WEEKDAY($E$3,2)+1-7*(WEEKDAY($E$3,2)<7))-7*19)+6,"DD.MM.YYYY") | B84: =SUMIFS('Данные'!$C:$C,'Данные'!$A:$A,">="&(($E$3-WEEKDAY($E$3,2)+1-7*(WEEKDAY($E$3,2)<7))-7*19),'Данные'!$A:$A,"<"&((($E$3-WEEKDAY($E$3,2)+1-7*(WEEKDAY($E$3,2)<7))-7*19)+6)+1,'Данные'!$B:$B,B$77) | C84: =SUMIFS('Данные'!$C:$C,'Данные'!$A:$A,">="&(($E$3-WEEKDAY($E$3,2)+1-7*(WEEKDAY($E$3,2)<7))-7*19),'Данные'!$A:$A,"<"&((($E$3-WEEKDAY($E$3,2)+1-7*(WEEKDAY($E$3,2)<7))-7*19)+6)+1,'Данные'!$B:$B,C$77) | D84: =SUMIFS('Данные'!$C:$C,'Данные'!$A:$A,">="&(($E$3-WEEKDAY($E$3,2)+1-7*(WEEKDAY($E$3,2)<7))-7*19),'Данные'!$A:$A,"<"&((($E$3-WEEKDAY($E$3,2)+1-7*(WEEKDAY($E$3,2)<7))-7*19)+6)+1,'Данные'!$B:$B,D$77) | E84: =SUM(B84:D84)
A85: =TEXT((($E$3-WEEKDAY($E$3,2)+1-7*(WEEKDAY($E$3,2)<7))-7*18),"DD.MM")&"–"&TEXT((($E$3-WEEKDAY($E$3,2)+1-7*(WEEKDAY($E$3,2)<7))-7*18)+6,"DD.MM.YYYY") | B85: =SUMIFS('Данные'!$C:$C,'Данные'!$A:$A,">="&(($E$3-WEEKDAY($E$3,2)+1-7*(WEEKDAY($E$3,2)<7))-7*18),'Данные'!$A:$A,"<"&((($E$3-WEEKDAY($E$3,2)+1-7*(WEEKDAY($E$3,2)<7))-7*18)+6)+1,'Данные'!$B:$B,B$77) | C85: =SUMIFS('Данные'!$C:$C,'Данные'!$A:$A,">="&(($E$3-WEEKDAY($E$3,2)+1-7*(WEEKDAY($E$3,2)<7))-7*18),'Данные'!$A:$A,"<"&((($E$3-WEEKDAY($E$3,2)+1-7*(WEEKDAY($E$3,2)<7))-7*18)+6)+1,'Данные'!$B:$B,C$77) | D85: =SUMIFS('Данные'!$C:$C,'Данные'!$A:$A,">="&(($E$3-WEEKDAY($E$3,2)+1-7*(WEEKDAY($E$3,2)<7))-7*18),'Данные'!$A:$A,"<"&((($E$3-WEEKDAY($E$3,2)+1-7*(WEEKDAY($E$3,2)<7))-7*18)+6)+1,'Данные'!$B:$B,D$77) | E85: =SUM(B85:D85)
A86: =TEXT((($E$3-WEEKDAY($E$3,2)+1-7*(WEEKDAY($E$3,2)<7))-7*17),"DD.MM")&"–"&TEXT((($E$3-WEEKDAY($E$3,2)+1-7*(WEEKDAY($E$3,2)<7))-7*17)+6,"DD.MM.YYYY") | B86: =SUMIFS('Данные'!$C:$C,'Данные'!$A:$A,">="&(($E$3-WEEKDAY($E$3,2)+1-7*(WEEKDAY($E$3,2)<7))-7*17),'Данные'!$A:$A,"<"&((($E$3-WEEKDAY($E$3,2)+1-7*(WEEKDAY($E$3,2)<7))-7*17)+6)+1,'Данные'!$B:$B,B$77) | C86: =SUMIFS('Данные'!$C:$C,'Данные'!$A:$A,">="&(($E$3-WEEKDAY($E$3,2)+1-7*(WEEKDAY($E$3,2)<7))-7*17),'Данные'!$A:$A,"<"&((($E$3-WEEKDAY($E$3,2)+1-7*(WEEKDAY($E$3,2)<7))-7*17)+6)+1,'Данные'!$B:$B,C$77) | D86: =SUMIFS('Данные'!$C:$C,'Данные'!$A:$A,">="&(($E$3-WEEKDAY($E$3,2)+1-7*(WEEKDAY($E$3,2)<7))-7*17),'Данные'!$A:$A,"<"&((($E$3-WEEKDAY($E$3,2)+1-7*(WEEKDAY($E$3,2)<7))-7*17)+6)+1,'Данные'!$B:$B,D$77) | E86: =SUM(B86:D86)
A87: =TEXT((($E$3-WEEKDAY($E$3,2)+1-7*(WEEKDAY($E$3,2)<7))-7*16),"DD.MM")&"–"&TEXT((($E$3-WEEKDAY($E$3,2)+1-7*(WEEKDAY($E$3,2)<7))-7*16)+6,"DD.MM.YYYY") | B87: =SUMIFS('Данные'!$C:$C,'Данные'!$A:$A,">="&(($E$3-WEEKDAY($E$3,2)+1-7*(WEEKDAY($E$3,2)<7))-7*16),'Данные'!$A:$A,"<"&((($E$3-WEEKDAY($E$3,2)+1-7*(WEEKDAY($E$3,2)<7))-7*16)+6)+1,'Данные'!$B:$B,B$77) | C87: =SUMIFS('Данные'!$C:$C,'Данные'!$A:$A,">="&(($E$3-WEEKDAY($E$3,2)+1-7*(WEEKDAY($E$3,2)<7))-7*16),'Данные'!$A:$A,"<"&((($E$3-WEEKDAY($E$3,2)+1-7*(WEEKDAY($E$3,2)<7))-7*16)+6)+1,'Данные'!$B:$B,C$77) | D87: =SUMIFS('Данные'!$C:$C,'Данные'!$A:$A,">="&(($E$3-WEEKDAY($E$3,2)+1-7*(WEEKDAY($E$3,2)<7))-7*16),'Данные'!$A:$A,"<"&((($E$3-WEEKDAY($E$3,2)+1-7*(WEEKDAY($E$3,2)<7))-7*16)+6)+1,'Данные'!$B:$B,D$77) | E87: =SUM(B87:D87)
A88: =TEXT((($E$3-WEEKDAY($E$3,2)+1-7*(WEEKDAY($E$3,2)<7))-7*15),"DD.MM")&"–"&TEXT((($E$3-WEEKDAY($E$3,2)+1-7*(WEEKDAY($E$3,2)<7))-7*15)+6,"DD.MM.YYYY") | B88: =SUMIFS('Данные'!$C:$C,'Данные'!$A:$A,">="&(($E$3-WEEKDAY($E$3,2)+1-7*(WEEKDAY($E$3,2)<7))-7*15),'Данные'!$A:$A,"<"&((($E$3-WEEKDAY($E$3,2)+1-7*(WEEKDAY($E$3,2)<7))-7*15)+6)+1,'Данные'!$B:$B,B$77) | C88: =SUMIFS('Данные'!$C:$C,'Данные'!$A:$A,">="&(($E$3-WEEKDAY($E$3,2)+1-7*(WEEKDAY($E$3,2)<7))-7*15),'Данные'!$A:$A,"<"&((($E$3-WEEKDAY($E$3,2)+1-7*(WEEKDAY($E$3,2)<7))-7*15)+6)+1,'Данные'!$B:$B,C$77) | D88: =SUMIFS('Данные'!$C:$C,'Данные'!$A:$A,">="&(($E$3-WEEKDAY($E$3,2)+1-7*(WEEKDAY($E$3,2)<7))-7*15),'Данные'!$A:$A,"<"&((($E$3-WEEKDAY($E$3,2)+1-7*(WEEKDAY($E$3,2)<7))-7*15)+6)+1,'Данные'!$B:$B,D$77) | E88: =SUM(B88:D88)
A89: =TEXT((($E$3-WEEKDAY($E$3,2)+1-7*(WEEKDAY($E$3,2)<7))-7*14),"DD.MM")&"–"&TEXT((($E$3-WEEKDAY($E$3,2)+1-7*(WEEKDAY($E$3,2)<7))-7*14)+6,"DD.MM.YYYY") | B89: =SUMIFS('Данные'!$C:$C,'Данные'!$A:$A,">="&(($E$3-WEEKDAY($E$3,2)+1-7*(WEEKDAY($E$3,2)<7))-7*14),'Данные'!$A:$A,"<"&((($E$3-WEEKDAY($E$3,2)+1-7*(WEEKDAY($E$3,2)<7))-7*14)+6)+1,'Данные'!$B:$B,B$77) | C89: =SUMIFS('Данные'!$C:$C,'Данные'!$A:$A,">="&(($E$3-WEEKDAY($E$3,2)+1-7*(WEEKDAY($E$3,2)<7))-7*14),'Данные'!$A:$A,"<"&((($E$3-WEEKDAY($E$3,2)+1-7*(WEEKDAY($E$3,2)<7))-7*14)+6)+1,'Данные'!$B:$B,C$77) | D89: =SUMIFS('Данные'!$C:$C,'Данные'!$A:$A,">="&(($E$3-WEEKDAY($E$3,2)+1-7*(WEEKDAY($E$3,2)<7))-7*14),'Данные'!$A:$A,"<"&((($E$3-WEEKDAY($E$3,2)+1-7*(WEEKDAY($E$3,2)<7))-7*14)+6)+1,'Данные'!$B:$B,D$77) | E89: =SUM(B89:D89)
A90: =TEXT((($E$3-WEEKDAY($E$3,2)+1-7*(WEEKDAY($E$3,2)<7))-7*13),"DD.MM")&"–"&TEXT((($E$3-WEEKDAY($E$3,2)+1-7*(WEEKDAY($E$3,2)<7))-7*13)+6,"DD.MM.YYYY") | B90: =SUMIFS('Данные'!$C:$C,'Данные'!$A:$A,">="&(($E$3-WEEKDAY($E$3,2)+1-7*(WEEKDAY($E$3,2)<7))-7*13),'Данные'!$A:$A,"<"&((($E$3-WEEKDAY($E$3,2)+1-7*(WEEKDAY($E$3,2)<7))-7*13)+6)+1,'Данные'!$B:$B,B$77) | C90: =SUMIFS('Данные'!$C:$C,'Данные'!$A:$A,">="&(($E$3-WEEKDAY($E$3,2)+1-7*(WEEKDAY($E$3,2)<7))-7*13),'Данные'!$A:$A,"<"&((($E$3-WEEKDAY($E$3,2)+1-7*(WEEKDAY($E$3,2)<7))-7*13)+6)+1,'Данные'!$B:$B,C$77) | D90: =SUMIFS('Данные'!$C:$C,'Данные'!$A:$A,">="&(($E$3-WEEKDAY($E$3,2)+1-7*(WEEKDAY($E$3,2)<7))-7*13),'Данные'!$A:$A,"<"&((($E$3-WEEKDAY($E$3,2)+1-7*(WEEKDAY($E$3,2)<7))-7*13)+6)+1,'Данные'!$B:$B,D$77) | E90: =SUM(B90:D90)
A91: =TEXT((($E$3-WEEKDAY($E$3,2)+1-7*(WEEKDAY($E$3,2)<7))-7*12),"DD.MM")&"–"&TEXT((($E$3-WEEKDAY($E$3,2)+1-7*(WEEKDAY($E$3,2)<7))-7*12)+6,"DD.MM.YYYY") | B91: =SUMIFS('Данные'!$C:$C,'Данные'!$A:$A,">="&(($E$3-WEEKDAY($E$3,2)+1-7*(WEEKDAY($E$3,2)<7))-7*12),'Данные'!$A:$A,"<"&((($E$3-WEEKDAY($E$3,2)+1-7*(WEEKDAY($E$3,2)<7))-7*12)+6)+1,'Данные'!$B:$B,B$77) | C91: =SUMIFS('Данные'!$C:$C,'Данные'!$A:$A,">="&(($E$3-WEEKDAY($E$3,2)+1-7*(WEEKDAY($E$3,2)<7))-7*12),'Данные'!$A:$A,"<"&((($E$3-WEEKDAY($E$3,2)+1-7*(WEEKDAY($E$3,2)<7))-7*12)+6)+1,'Данные'!$B:$B,C$77) | D91: =SUMIFS('Данные'!$C:$C,'Данные'!$A:$A,">="&(($E$3-WEEKDAY($E$3,2)+1-7*(WEEKDAY($E$3,2)<7))-7*12),'Данные'!$A:$A,"<"&((($E$3-WEEKDAY($E$3,2)+1-7*(WEEKDAY($E$3,2)<7))-7*12)+6)+1,'Данные'!$B:$B,D$77) | E91: =SUM(B91:D91)
A92: =TEXT((($E$3-WEEKDAY($E$3,2)+1-7*(WEEKDAY($E$3,2)<7))-7*11),"DD.MM")&"–"&TEXT((($E$3-WEEKDAY($E$3,2)+1-7*(WEEKDAY($E$3,2)<7))-7*11)+6,"DD.MM.YYYY") | B92: =SUMIFS('Данные'!$C:$C,'Данные'!$A:$A,">="&(($E$3-WEEKDAY($E$3,2)+1-7*(WEEKDAY($E$3,2)<7))-7*11),'Данные'!$A:$A,"<"&((($E$3-WEEKDAY($E$3,2)+1-7*(WEEKDAY($E$3,2)<7))-7*11)+6)+1,'Данные'!$B:$B,B$77) | C92: =SUMIFS('Данные'!$C:$C,'Данные'!$A:$A,">="&(($E$3-WEEKDAY($E$3,2)+1-7*(WEEKDAY($E$3,2)<7))-7*11),'Данные'!$A:$A,"<"&((($E$3-WEEKDAY($E$3,2)+1-7*(WEEKDAY($E$3,2)<7))-7*11)+6)+1,'Данные'!$B:$B,C$77) | D92: =SUMIFS('Данные'!$C:$C,'Данные'!$A:$A,">="&(($E$3-WEEKDAY($E$3,2)+1-7*(WEEKDAY($E$3,2)<7))-7*11),'Данные'!$A:$A,"<"&((($E$3-WEEKDAY($E$3,2)+1-7*(WEEKDAY($E$3,2)<7))-7*11)+6)+1,'Данные'!$B:$B,D$77) | E92: =SUM(B92:D92)
A93: =TEXT((($E$3-WEEKDAY($E$3,2)+1-7*(WEEKDAY($E$3,2)<7))-7*10),"DD.MM")&"–"&TEXT((($E$3-WEEKDAY($E$3,2)+1-7*(WEEKDAY($E$3,2)<7))-7*10)+6,"DD.MM.YYYY") | B93: =SUMIFS('Данные'!$C:$C,'Данные'!$A:$A,">="&(($E$3-WEEKDAY($E$3,2)+1-7*(WEEKDAY($E$3,2)<7))-7*10),'Данные'!$A:$A,"<"&((($E$3-WEEKDAY($E$3,2)+1-7*(WEEKDAY($E$3,2)<7))-7*10)+6)+1,'Данные'!$B:$B,B$77) | C93: =SUMIFS('Данные'!$C:$C,'Данные'!$A:$A,">="&(($E$3-WEEKDAY($E$3,2)+1-7*(WEEKDAY($E$3,2)<7))-7*10),'Данные'!$A:$A,"<"&((($E$3-WEEKDAY($E$3,2)+1-7*(WEEKDAY($E$3,2)<7))-7*10)+6)+1,'Данные'!$B:$B,C$77) | D93: =SUMIFS('Данные'!$C:$C,'Данные'!$A:$A,">="&(($E$3-WEEKDAY($E$3,2)+1-7*(WEEKDAY($E$3,2)<7))-7*10),'Данные'!$A:$A,"<"&((($E$3-WEEKDAY($E$3,2)+1-7*(WEEKDAY($E$3,2)<7))-7*10)+6)+1,'Данные'!$B:$B,D$77) | E93: =SUM(B93:D93)
A94: =TEXT((($E$3-WEEKDAY($E$3,2)+1-7*(WEEKDAY($E$3,2)<7))-7*9),"DD.MM")&"–"&TEXT((($E$3-WEEKDAY($E$3,2)+1-7*(WEEKDAY($E$3,2)<7))-7*9)+6,"DD.MM.YYYY") | B94: =SUMIFS('Данные'!$C:$C,'Данные'!$A:$A,">="&(($E$3-WEEKDAY($E$3,2)+1-7*(WEEKDAY($E$3,2)<7))-7*9),'Данные'!$A:$A,"<"&((($E$3-WEEKDAY($E$3,2)+1-7*(WEEKDAY($E$3,2)<7))-7*9)+6)+1,'Данные'!$B:$B,B$77) | C94: =SUMIFS('Данные'!$C:$C,'Данные'!$A:$A,">="&(($E$3-WEEKDAY($E$3,2)+1-7*(WEEKDAY($E$3,2)<7))-7*9),'Данные'!$A:$A,"<"&((($E$3-WEEKDAY($E$3,2)+1-7*(WEEKDAY($E$3,2)<7))-7*9)+6)+1,'Данные'!$B:$B,C$77) | D94: =SUMIFS('Данные'!$C:$C,'Данные'!$A:$A,">="&(($E$3-WEEKDAY($E$3,2)+1-7*(WEEKDAY($E$3,2)<7))-7*9),'Данные'!$A:$A,"<"&((($E$3-WEEKDAY($E$3,2)+1-7*(WEEKDAY($E$3,2)<7))-7*9)+6)+1,'Данные'!$B:$B,D$77) | E94: =SUM(B94:D94)
A95: =TEXT((($E$3-WEEKDAY($E$3,2)+1-7*(WEEKDAY($E$3,2)<7))-7*8),"DD.MM")&"–"&TEXT((($E$3-WEEKDAY($E$3,2)+1-7*(WEEKDAY($E$3,2)<7))-7*8)+6,"DD.MM.YYYY") | B95: =SUMIFS('Данные'!$C:$C,'Данные'!$A:$A,">="&(($E$3-WEEKDAY($E$3,2)+1-7*(WEEKDAY($E$3,2)<7))-7*8),'Данные'!$A:$A,"<"&((($E$3-WEEKDAY($E$3,2)+1-7*(WEEKDAY($E$3,2)<7))-7*8)+6)+1,'Данные'!$B:$B,B$77) | C95: =SUMIFS('Данные'!$C:$C,'Данные'!$A:$A,">="&(($E$3-WEEKDAY($E$3,2)+1-7*(WEEKDAY($E$3,2)<7))-7*8),'Данные'!$A:$A,"<"&((($E$3-WEEKDAY($E$3,2)+1-7*(WEEKDAY($E$3,2)<7))-7*8)+6)+1,'Данные'!$B:$B,C$77) | D95: =SUMIFS('Данные'!$C:$C,'Данные'!$A:$A,">="&(($E$3-WEEKDAY($E$3,2)+1-7*(WEEKDAY($E$3,2)<7))-7*8),'Данные'!$A:$A,"<"&((($E$3-WEEKDAY($E$3,2)+1-7*(WEEKDAY($E$3,2)<7))-7*8)+6)+1,'Данные'!$B:$B,D$77) | E95: =SUM(B95:D95)
A96: =TEXT((($E$3-WEEKDAY($E$3,2)+1-7*(WEEKDAY($E$3,2)<7))-7*7),"DD.MM")&"–"&TEXT((($E$3-WEEKDAY($E$3,2)+1-7*(WEEKDAY($E$3,2)<7))-7*7)+6,"DD.MM.YYYY") | B96: =SUMIFS('Данные'!$C:$C,'Данные'!$A:$A,">="&(($E$3-WEEKDAY($E$3,2)+1-7*(WEEKDAY($E$3,2)<7))-7*7),'Данные'!$A:$A,"<"&((($E$3-WEEKDAY($E$3,2)+1-7*(WEEKDAY($E$3,2)<7))-7*7)+6)+1,'Данные'!$B:$B,B$77) | C96: =SUMIFS('Данные'!$C:$C,'Данные'!$A:$A,">="&(($E$3-WEEKDAY($E$3,2)+1-7*(WEEKDAY($E$3,2)<7))-7*7),'Данные'!$A:$A,"<"&((($E$3-WEEKDAY($E$3,2)+1-7*(WEEKDAY($E$3,2)<7))-7*7)+6)+1,'Данные'!$B:$B,C$77) | D96: =SUMIFS('Данные'!$C:$C,'Данные'!$A:$A,">="&(($E$3-WEEKDAY($E$3,2)+1-7*(WEEKDAY($E$3,2)<7))-7*7),'Данные'!$A:$A,"<"&((($E$3-WEEKDAY($E$3,2)+1-7*(WEEKDAY($E$3,2)<7))-7*7)+6)+1,'Данные'!$B:$B,D$77) | E96: =SUM(B96:D96)
A97: =TEXT((($E$3-WEEKDAY($E$3,2)+1-7*(WEEKDAY($E$3,2)<7))-7*6),"DD.MM")&"–"&TEXT((($E$3-WEEKDAY($E$3,2)+1-7*(WEEKDAY($E$3,2)<7))-7*6)+6,"DD.MM.YYYY") | B97: =SUMIFS('Данные'!$C:$C,'Данные'!$A:$A,">="&(($E$3-WEEKDAY($E$3,2)+1-7*(WEEKDAY($E$3,2)<7))-7*6),'Данные'!$A:$A,"<"&((($E$3-WEEKDAY($E$3,2)+1-7*(WEEKDAY($E$3,2)<7))-7*6)+6)+1,'Данные'!$B:$B,B$77) | C97: =SUMIFS('Данные'!$C:$C,'Данные'!$A:$A,">="&(($E$3-WEEKDAY($E$3,2)+1-7*(WEEKDAY($E$3,2)<7))-7*6),'Данные'!$A:$A,"<"&((($E$3-WEEKDAY($E$3,2)+1-7*(WEEKDAY($E$3,2)<7))-7*6)+6)+1,'Данные'!$B:$B,C$77) | D97: =SUMIFS('Данные'!$C:$C,'Данные'!$A:$A,">="&(($E$3-WEEKDAY($E$3,2)+1-7*(WEEKDAY($E$3,2)<7))-7*6),'Данные'!$A:$A,"<"&((($E$3-WEEKDAY($E$3,2)+1-7*(WEEKDAY($E$3,2)<7))-7*6)+6)+1,'Данные'!$B:$B,D$77) | E97: =SUM(B97:D97)
A98: =TEXT((($E$3-WEEKDAY($E$3,2)+1-7*(WEEKDAY($E$3,2)<7))-7*5),"DD.MM")&"–"&TEXT((($E$3-WEEKDAY($E$3,2)+1-7*(WEEKDAY($E$3,2)<7))-7*5)+6,"DD.MM.YYYY") | B98: =SUMIFS('Данные'!$C:$C,'Данные'!$A:$A,">="&(($E$3-WEEKDAY($E$3,2)+1-7*(WEEKDAY($E$3,2)<7))-7*5),'Данные'!$A:$A,"<"&((($E$3-WEEKDAY($E$3,2)+1-7*(WEEKDAY($E$3,2)<7))-7*5)+6)+1,'Данные'!$B:$B,B$77) | C98: =SUMIFS('Данные'!$C:$C,'Данные'!$A:$A,">="&(($E$3-WEEKDAY($E$3,2)+1-7*(WEEKDAY($E$3,2)<7))-7*5),'Данные'!$A:$A,"<"&((($E$3-WEEKDAY($E$3,2)+1-7*(WEEKDAY($E$3,2)<7))-7*5)+6)+1,'Данные'!$B:$B,C$77) | D98: =SUMIFS('Данные'!$C:$C,'Данные'!$A:$A,">="&(($E$3-WEEKDAY($E$3,2)+1-7*(WEEKDAY($E$3,2)<7))-7*5),'Данные'!$A:$A,"<"&((($E$3-WEEKDAY($E$3,2)+1-7*(WEEKDAY($E$3,2)<7))-7*5)+6)+1,'Данные'!$B:$B,D$77) | E98: =SUM(B98:D98)
A99: =TEXT((($E$3-WEEKDAY($E$3,2)+1-7*(WEEKDAY($E$3,2)<7))-7*4),"DD.MM")&"–"&TEXT((($E$3-WEEKDAY($E$3,2)+1-7*(WEEKDAY($E$3,2)<7))-7*4)+6,"DD.MM.YYYY") | B99: =SUMIFS('Данные'!$C:$C,'Данные'!$A:$A,">="&(($E$3-WEEKDAY($E$3,2)+1-7*(WEEKDAY($E$3,2)<7))-7*4),'Данные'!$A:$A,"<"&((($E$3-WEEKDAY($E$3,2)+1-7*(WEEKDAY($E$3,2)<7))-7*4)+6)+1,'Данные'!$B:$B,B$77) | C99: =SUMIFS('Данные'!$C:$C,'Данные'!$A:$A,">="&(($E$3-WEEKDAY($E$3,2)+1-7*(WEEKDAY($E$3,2)<7))-7*4),'Данные'!$A:$A,"<"&((($E$3-WEEKDAY($E$3,2)+1-7*(WEEKDAY($E$3,2)<7))-7*4)+6)+1,'Данные'!$B:$B,C$77) | D99: =SUMIFS('Данные'!$C:$C,'Данные'!$A:$A,">="&(($E$3-WEEKDAY($E$3,2)+1-7*(WEEKDAY($E$3,2)<7))-7*4),'Данные'!$A:$A,"<"&((($E$3-WEEKDAY($E$3,2)+1-7*(WEEKDAY($E$3,2)<7))-7*4)+6)+1,'Данные'!$B:$B,D$77) | E99: =SUM(B99:D99)
A100: =TEXT((($E$3-WEEKDAY($E$3,2)+1-7*(WEEKDAY($E$3,2)<7))-7*3),"DD.MM")&"–"&TEXT((($E$3-WEEKDAY($E$3,2)+1-7*(WEEKDAY($E$3,2)<7))-7*3)+6,"DD.MM.YYYY") | B100: =SUMIFS('Данные'!$C:$C,'Данные'!$A:$A,">="&(($E$3-WEEKDAY($E$3,2)+1-7*(WEEKDAY($E$3,2)<7))-7*3),'Данные'!$A:$A,"<"&((($E$3-WEEKDAY($E$3,2)+1-7*(WEEKDAY($E$3,2)<7))-7*3)+6)+1,'Данные'!$B:$B,B$77) | C100: =SUMIFS('Данные'!$C:$C,'Данные'!$A:$A,">="&(($E$3-WEEKDAY($E$3,2)+1-7*(WEEKDAY($E$3,2)<7))-7*3),'Данные'!$A:$A,"<"&((($E$3-WEEKDAY($E$3,2)+1-7*(WEEKDAY($E$3,2)<7))-7*3)+6)+1,'Данные'!$B:$B,C$77) | D100: =SUMIFS('Данные'!$C:$C,'Данные'!$A:$A,">="&(($E$3-WEEKDAY($E$3,2)+1-7*(WEEKDAY($E$3,2)<7))-7*3),'Данные'!$A:$A,"<"&((($E$3-WEEKDAY($E$3,2)+1-7*(WEEKDAY($E$3,2)<7))-7*3)+6)+1,'Данные'!$B:$B,D$77) | E100: =SUM(B100:D100)
A101: =TEXT((($E$3-WEEKDAY($E$3,2)+1-7*(WEEKDAY($E$3,2)<7))-7*2),"DD.MM")&"–"&TEXT((($E$3-WEEKDAY($E$3,2)+1-7*(WEEKDAY($E$3,2)<7))-7*2)+6,"DD.MM.YYYY") | B101: =SUMIFS('Данные'!$C:$C,'Данные'!$A:$A,">="&(($E$3-WEEKDAY($E$3,2)+1-7*(WEEKDAY($E$3,2)<7))-7*2),'Данные'!$A:$A,"<"&((($E$3-WEEKDAY($E$3,2)+1-7*(WEEKDAY($E$3,2)<7))-7*2)+6)+1,'Данные'!$B:$B,B$77) | C101: =SUMIFS('Данные'!$C:$C,'Данные'!$A:$A,">="&(($E$3-WEEKDAY($E$3,2)+1-7*(WEEKDAY($E$3,2)<7))-7*2),'Данные'!$A:$A,"<"&((($E$3-WEEKDAY($E$3,2)+1-7*(WEEKDAY($E$3,2)<7))-7*2)+6)+1,'Данные'!$B:$B,C$77) | D101: =SUMIFS('Данные'!$C:$C,'Данные'!$A:$A,">="&(($E$3-WEEKDAY($E$3,2)+1-7*(WEEKDAY($E$3,2)<7))-7*2),'Данные'!$A:$A,"<"&((($E$3-WEEKDAY($E$3,2)+1-7*(WEEKDAY($E$3,2)<7))-7*2)+6)+1,'Данные'!$B:$B,D$77) | E101: =SUM(B101:D101)
A102: =TEXT((($E$3-WEEKDAY($E$3,2)+1-7*(WEEKDAY($E$3,2)<7))-7*1),"DD.MM")&"–"&TEXT((($E$3-WEEKDAY($E$3,2)+1-7*(WEEKDAY($E$3,2)<7))-7*1)+6,"DD.MM.YYYY") | B102: =SUMIFS('Данные'!$C:$C,'Данные'!$A:$A,">="&(($E$3-WEEKDAY($E$3,2)+1-7*(WEEKDAY($E$3,2)<7))-7*1),'Данные'!$A:$A,"<"&((($E$3-WEEKDAY($E$3,2)+1-7*(WEEKDAY($E$3,2)<7))-7*1)+6)+1,'Данные'!$B:$B,B$77) | C102: =SUMIFS('Данные'!$C:$C,'Данные'!$A:$A,">="&(($E$3-WEEKDAY($E$3,2)+1-7*(WEEKDAY($E$3,2)<7))-7*1),'Данные'!$A:$A,"<"&((($E$3-WEEKDAY($E$3,2)+1-7*(WEEKDAY($E$3,2)<7))-7*1)+6)+1,'Данные'!$B:$B,C$77) | D102: =SUMIFS('Данные'!$C:$C,'Данные'!$A:$A,">="&(($E$3-WEEKDAY($E$3,2)+1-7*(WEEKDAY($E$3,2)<7))-7*1),'Данные'!$A:$A,"<"&((($E$3-WEEKDAY($E$3,2)+1-7*(WEEKDAY($E$3,2)<7))-7*1)+6)+1,'Данные'!$B:$B,D$77) | E102: =SUM(B102:D102)
A103: =TEXT((($E$3-WEEKDAY($E$3,2)+1-7*(WEEKDAY($E$3,2)<7))-7*0),"DD.MM")&"–"&TEXT((($E$3-WEEKDAY($E$3,2)+1-7*(WEEKDAY($E$3,2)<7))-7*0)+6,"DD.MM.YYYY") | B103: =SUMIFS('Данные'!$C:$C,'Данные'!$A:$A,">="&(($E$3-WEEKDAY($E$3,2)+1-7*(WEEKDAY($E$3,2)<7))-7*0),'Данные'!$A:$A,"<"&((($E$3-WEEKDAY($E$3,2)+1-7*(WEEKDAY($E$3,2)<7))-7*0)+6)+1,'Данные'!$B:$B,B$77) | C103: =SUMIFS('Данные'!$C:$C,'Данные'!$A:$A,">="&(($E$3-WEEKDAY($E$3,2)+1-7*(WEEKDAY($E$3,2)<7))-7*0),'Данные'!$A:$A,"<"&((($E$3-WEEKDAY($E$3,2)+1-7*(WEEKDAY($E$3,2)<7))-7*0)+6)+1,'Данные'!$B:$B,C$77) | D103: =SUMIFS('Данные'!$C:$C,'Данные'!$A:$A,">="&(($E$3-WEEKDAY($E$3,2)+1-7*(WEEKDAY($E$3,2)<7))-7*0),'Данные'!$A:$A,"<"&((($E$3-WEEKDAY($E$3,2)+1-7*(WEEKDAY($E$3,2)<7))-7*0)+6)+1,'Данные'!$B:$B,D$77) | E103: =SUM(B103:D103)
A105: 🧭 Подписки по направлениям, по месяцам | D105: Тенденция: | E105: =IFERROR(SLOPE(E107:E118,{1;2;3;4;5;6;7;8;9;10;11;12})/AVERAGE(E107:E118),"") | F105: в месяц
...

Sheet Направление 1
A1: ="Сова · "&$B$3
A2: ="Итоги всех кампаний кабинета VK Реклама · данные по "&TEXT($E$3,"DD.MM.YYYY")
A3: Направление | B3: ='⚙ Настройки'!$A$2 | D3: Данные по | E3: ='⚙ Настройки'!$B$7 | G3: Период с | I3: по | N3: 📈 Подписки и расход по дням за период выше
H4: =IF(AND(ISNUMBER(H3),ISNUMBER(J3),H3>J3),"⚠ Дата «с» позже даты «по»",IF(OR(ISNUMBER(H3),ISNUMBER(J3)),"Сравнение — с предыдущим периодом той же длины. Очистите поля, чтобы вернуть текущий месяц.","Пусто — текущий месяц. Дату выбирают двойным щелчком."))
A5: =IF(OR(ISNUMBER($H$3),ISNUMBER($J$3)),"Выбранный период против предыдущего той же длины","Этот месяц против тех же дней прошлого")
A6: Период | B6: Расход | C6: Расход с НДС | D6: Показы | E6: Клики | F6: CTR | G6: CPC | H6: Подписки | I6: Цена подписки | J6: CR в подписку | K6: с | L6: по
A7: =IF(OR(ISNUMBER($H$3),ISNUMBER($J$3)),"Выбранный период","Этот месяц") | B7: =SUMIFS('Данные'!$C:$C,'Данные'!$A:$A,">="&$K$7,'Данные'!$A:$A,"<"&$L$7+1,'Данные'!$B:$B,$B$3) | C7: =B7*(100+22)/100 | D7: =SUMIFS('Данные'!$D:$D,'Данные'!$A:$A,">="&$K$7,'Данные'!$A:$A,"<"&$L$7+1,'Данные'!$B:$B,$B$3) | E7: =SUMIFS('Данные'!$E:$E,'Данные'!$A:$A,">="&$K$7,'Данные'!$A:$A,"<"&$L$7+1,'Данные'!$B:$B,$B$3) | F7: =IFERROR(E7/D7,"") | G7: =IFERROR(B7/E7,"") | H7: =SUMIFS('Данные'!$F:$F,'Данные'!$A:$A,">="&$K$7,'Данные'!$A:$A,"<"&$L$7+1,'Данные'!$B:$B,$B$3) | I7: =IFERROR(B7/H7,"") | J7: =IFERROR(H7/E7,"") | K7: =IF(ISNUMBER($H$3),$H$3,DATE(YEAR(L7),MONTH(L7),1)) | L7: =IF(ISNUMBER($J$3),$J$3,$E$3)
A8: =IF(OR(ISNUMBER($H$3),ISNUMBER($J$3)),"Предыдущий, той же длины","Прошлый, те же дни") | B8: =SUMIFS('Данные'!$C:$C,'Данные'!$A:$A,">="&$K$8,'Данные'!$A:$A,"<"&$L$8+1,'Данные'!$B:$B,$B$3) | C8: =B8*(100+22)/100 | D8: =SUMIFS('Данные'!$D:$D,'Данные'!$A:$A,">="&$K$8,'Данные'!$A:$A,"<"&$L$8+1,'Данные'!$B:$B,$B$3) | E8: =SUMIFS('Данные'!$E:$E,'Данные'!$A:$A,">="&$K$8,'Данные'!$A:$A,"<"&$L$8+1,'Данные'!$B:$B,$B$3) | F8: =IFERROR(E8/D8,"") | G8: =IFERROR(B8/E8,"") | H8: =SUMIFS('Данные'!$F:$F,'Данные'!$A:$A,">="&$K$8,'Данные'!$A:$A,"<"&$L$8+1,'Данные'!$B:$B,$B$3) | I8: =IFERROR(B8/H8,"") | J8: =IFERROR(H8/E8,"") | K8: =IF(OR(ISNUMBER($H$3),ISNUMBER($J$3)),2*K7-L7-1,EDATE(K7,-1)) | L8: =IF(OR(ISNUMBER($H$3),ISNUMBER($J$3)),K7-1,EDATE(L7,-1))
A9: Изменение | B9: =IFERROR(B7/B8-1,"") | C9: =IFERROR(C7/C8-1,"") | D9: =IFERROR(D7/D8-1,"") | E9: =IFERROR(E7/E8-1,"") | F9: =IFERROR(F7/F8-1,"") | G9: =IFERROR(G7/G8-1,"") | H9: =IFERROR(H7/H8-1,"") | I9: =IFERROR(I7/I8-1,"") | J9: =IFERROR(J7/J8-1,"")
A11: 🗓 По завершённым неделям (26)
A12: Неделя | B12: Расход | C12: Расход с НДС | D12: Показы | E12: Клики | F12: CTR | G12: CPC | H12: Подписки | I12: Цена подписки | J12: CR в подписку
A13: =TEXT((($E$3-WEEKDAY($E$3,2)+1-7*(WEEKDAY($E$3,2)<7))-7*25),"DD.MM")&"–"&TEXT((($E$3-WEEKDAY($E$3,2)+1-7*(WEEKDAY($E$3,2)<7))-7*25)+6,"DD.MM.YYYY") | B13: =SUMIFS('Данные'!$C:$C,'Данные'!$A:$A,">="&(($E$3-WEEKDAY($E$3,2)+1-7*(WEEKDAY($E$3,2)<7))-7*25),'Данные'!$A:$A,"<"&((($E$3-WEEKDAY($E$3,2)+1-7*(WEEKDAY($E$3,2)<7))-7*25)+6)+1,'Данные'!$B:$B,$B$3) | C13: =B13*(100+22)/100 | D13: =SUMIFS('Данные'!$D:$D,'Данные'!$A:$A,">="&(($E$3-WEEKDAY($E$3,2)+1-7*(WEEKDAY($E$3,2)<7))-7*25),'Данные'!$A:$A,"<"&((($E$3-WEEKDAY($E$3,2)+1-7*(WEEKDAY($E$3,2)<7))-7*25)+6)+1,'Данные'!$B:$B,$B$3) | E13: =SUMIFS('Данные'!$E:$E,'Данные'!$A:$A,">="&(($E$3-WEEKDAY($E$3,2)+1-7*(WEEKDAY($E$3,2)<7))-7*25),'Данные'!$A:$A,"<"&((($E$3-WEEKDAY($E$3,2)+1-7*(WEEKDAY($E$3,2)<7))-7*25)+6)+1,'Данные'!$B:$B,$B$3) | F13: =IFERROR(E13/D13,"") | G13: =IFERROR(B13/E13,"") | H13: =SUMIFS('Данные'!$F:$F,'Данные'!$A:$A,">="&(($E$3-WEEKDAY($E$3,2)+1-7*(WEEKDAY($E$3,2)<7))-7*25),'Данные'!$A:$A,"<"&((($E$3-WEEKDAY($E$3,2)+1-7*(WEEKDAY($E$3,2)<7))-7*25)+6)+1,'Данные'!$B:$B,$B$3) | I13: =IFERROR(B13/H13,"") | J13: =IFERROR(H13/E13,"")
A14: =TEXT((($E$3-WEEKDAY($E$3,2)+1-7*(WEEKDAY($E$3,2)<7))-7*24),"DD.MM")&"–"&TEXT((($E$3-WEEKDAY($E$3,2)+1-7*(WEEKDAY($E$3,2)<7))-7*24)+6,"DD.MM.YYYY") | B14: =SUMIFS('Данные'!$C:$C,'Данные'!$A:$A,">="&(($E$3-WEEKDAY($E$3,2)+1-7*(WEEKDAY($E$3,2)<7))-7*24),'Данные'!$A:$A,"<"&((($E$3-WEEKDAY($E$3,2)+1-7*(WEEKDAY($E$3,2)<7))-7*24)+6)+1,'Данные'!$B:$B,$B$3) | C14: =B14*(100+22)/100 | D14: =SUMIFS('Данные'!$D:$D,'Данные'!$A:$A,">="&(($E$3-WEEKDAY($E$3,2)+1-7*(WEEKDAY($E$3,2)<7))-7*24),'Данные'!$A:$A,"<"&((($E$3-WEEKDAY($E$3,2)+1-7*(WEEKDAY($E$3,2)<7))-7*24)+6)+1,'Данные'!$B:$B,$B$3) | E14: =SUMIFS('Данные'!$E:$E,'Данные'!$A:$A,">="&(($E$3-WEEKDAY($E$3,2)+1-7*(WEEKDAY($E$3,2)<7))-7*24),'Данные'!$A:$A,"<"&((($E$3-WEEKDAY($E$3,2)+1-7*(WEEKDAY($E$3,2)<7))-7*24)+6)+1,'Данные'!$B:$B,$B$3) | F14: =IFERROR(E14/D14,"") | G14: =IFERROR(B14/E14,"") | H14: =SUMIFS('Данные'!$F:$F,'Данные'!$A:$A,">="&(($E$3-WEEKDAY($E$3,2)+1-7*(WEEKDAY($E$3,2)<7))-7*24),'Данные'!$A:$A,"<"&((($E$3-WEEKDAY($E$3,2)+1-7*(WEEKDAY($E$3,2)<7))-7*24)+6)+1,'Данные'!$B:$B,$B$3) | I14: =IFERROR(B14/H14,"") | J14: =IFERROR(H14/E14,"")
A15: =TEXT((($E$3-WEEKDAY($E$3,2)+1-7*(WEEKDAY($E$3,2)<7))-7*23),"DD.MM")&"–"&TEXT((($E$3-WEEKDAY($E$3,2)+1-7*(WEEKDAY($E$3,2)<7))-7*23)+6,"DD.MM.YYYY") | B15: =SUMIFS('Данные'!$C:$C,'Данные'!$A:$A,">="&(($E$3-WEEKDAY($E$3,2)+1-7*(WEEKDAY($E$3,2)<7))-7*23),'Данные'!$A:$A,"<"&((($E$3-WEEKDAY($E$3,2)+1-7*(WEEKDAY($E$3,2)<7))-7*23)+6)+1,'Данные'!$B:$B,$B$3) | C15: =B15*(100+22)/100 | D15: =SUMIFS('Данные'!$D:$D,'Данные'!$A:$A,">="&(($E$3-WEEKDAY($E$3,2)+1-7*(WEEKDAY($E$3,2)<7))-7*23),'Данные'!$A:$A,"<"&((($E$3-WEEKDAY($E$3,2)+1-7*(WEEKDAY($E$3,2)<7))-7*23)+6)+1,'Данные'!$B:$B,$B$3) | E15: =SUMIFS('Данные'!$E:$E,'Данные'!$A:$A,">="&(($E$3-WEEKDAY($E$3,2)+1-7*(WEEKDAY($E$3,2)<7))-7*23),'Данные'!$A:$A,"<"&((($E$3-WEEKDAY($E$3,2)+1-7*(WEEKDAY($E$3,2)<7))-7*23)+6)+1,'Данные'!$B:$B,$B$3) | F15: =IFERROR(E15/D15,"") | G15: =IFERROR(B15/E15,"") | H15: =SUMIFS('Данные'!$F:$F,'Данные'!$A:$A,">="&(($E$3-WEEKDAY($E$3,2)+1-7*(WEEKDAY($E$3,2)<7))-7*23),'Данные'!$A:$A,"<"&((($E$3-WEEKDAY($E$3,2)+1-7*(WEEKDAY($E$3,2)<7))-7*23)+6)+1,'Данные'!$B:$B,$B$3) | I15: =IFERROR(B15/H15,"") | J15: =IFERROR(H15/E15,"")
A16: =TEXT((($E$3-WEEKDAY($E$3,2)+1-7*(WEEKDAY($E$3,2)<7))-7*22),"DD.MM")&"–"&TEXT((($E$3-WEEKDAY($E$3,2)+1-7*(WEEKDAY($E$3,2)<7))-7*22)+6,"DD.MM.YYYY") | B16: =SUMIFS('Данные'!$C:$C,'Данные'!$A:$A,">="&(($E$3-WEEKDAY($E$3,2)+1-7*(WEEKDAY($E$3,2)<7))-7*22),'Данные'!$A:$A,"<"&((($E$3-WEEKDAY($E$3,2)+1-7*(WEEKDAY($E$3,2)<7))-7*22)+6)+1,'Данные'!$B:$B,$B$3) | C16: =B16*(100+22)/100 | D16: =SUMIFS('Данные'!$D:$D,'Данные'!$A:$A,">="&(($E$3-WEEKDAY($E$3,2)+1-7*(WEEKDAY($E$3,2)<7))-7*22),'Данные'!$A:$A,"<"&((($E$3-WEEKDAY($E$3,2)+1-7*(WEEKDAY($E$3,2)<7))-7*22)+6)+1,'Данные'!$B:$B,$B$3) | E16: =SUMIFS('Данные'!$E:$E,'Данные'!$A:$A,">="&(($E$3-WEEKDAY($E$3,2)+1-7*(WEEKDAY($E$3,2)<7))-7*22),'Данные'!$A:$A,"<"&((($E$3-WEEKDAY($E$3,2)+1-7*(WEEKDAY($E$3,2)<7))-7*22)+6)+1,'Данные'!$B:$B,$B$3) | F16: =IFERROR(E16/D16,"") | G16: =IFERROR(B16/E16,"") | H16: =SUMIFS('Данные'!$F:$F,'Данные'!$A:$A,">="&(($E$3-WEEKDAY($E$3,2)+1-7*(WEEKDAY($E$3,2)<7))-7*22),'Данные'!$A:$A,"<"&((($E$3-WEEKDAY($E$3,2)+1-7*(WEEKDAY($E$3,2)<7))-7*22)+6)+1,'Данные'!$B:$B,$B$3) | I16: =IFERROR(B16/H16,"") | J16: =IFERROR(H16/E16,"")
A17: =TEXT((($E$3-WEEKDAY($E$3,2)+1-7*(WEEKDAY($E$3,2)<7))-7*21),"DD.MM")&"–"&TEXT((($E$3-WEEKDAY($E$3,2)+1-7*(WEEKDAY($E$3,2)<7))-7*21)+6,"DD.MM.YYYY") | B17: =SUMIFS('Данные'!$C:$C,'Данные'!$A:$A,">="&(($E$3-WEEKDAY($E$3,2)+1-7*(WEEKDAY($E$3,2)<7))-7*21),'Данные'!$A:$A,"<"&((($E$3-WEEKDAY($E$3,2)+1-7*(WEEKDAY($E$3,2)<7))-7*21)+6)+1,'Данные'!$B:$B,$B$3) | C17: =B17*(100+22)/100 | D17: =SUMIFS('Данные'!$D:$D,'Данные'!$A:$A,">="&(($E$3-WEEKDAY($E$3,2)+1-7*(WEEKDAY($E$3,2)<7))-7*21),'Данные'!$A:$A,"<"&((($E$3-WEEKDAY($E$3,2)+1-7*(WEEKDAY($E$3,2)<7))-7*21)+6)+1,'Данные'!$B:$B,$B$3) | E17: =SUMIFS('Данные'!$E:$E,'Данные'!$A:$A,">="&(($E$3-WEEKDAY($E$3,2)+1-7*(WEEKDAY($E$3,2)<7))-7*21),'Данные'!$A:$A,"<"&((($E$3-WEEKDAY($E$3,2)+1-7*(WEEKDAY($E$3,2)<7))-7*21)+6)+1,'Данные'!$B:$B,$B$3) | F17: =IFERROR(E17/D17,"") | G17: =IFERROR(B17/E17,"") | H17: =SUMIFS('Данные'!$F:$F,'Данные'!$A:$A,">="&(($E$3-WEEKDAY($E$3,2)+1-7*(WEEKDAY($E$3,2)<7))-7*21),'Данные'!$A:$A,"<"&((($E$3-WEEKDAY($E$3,2)+1-7*(WEEKDAY($E$3,2)<7))-7*21)+6)+1,'Данные'!$B:$B,$B$3) | I17: =IFERROR(B17/H17,"") | J17: =IFERROR(H17/E17,"")
A18: =TEXT((($E$3-WEEKDAY($E$3,2)+1-7*(WEEKDAY($E$3,2)<7))-7*20),"DD.MM")&"–"&TEXT((($E$3-WEEKDAY($E$3,2)+1-7*(WEEKDAY($E$3,2)<7))-7*20)+6,"DD.MM.YYYY") | B18: =SUMIFS('Данные'!$C:$C,'Данные'!$A:$A,">="&(($E$3-WEEKDAY($E$3,2)+1-7*(WEEKDAY($E$3,2)<7))-7*20),'Данные'!$A:$A,"<"&((($E$3-WEEKDAY($E$3,2)+1-7*(WEEKDAY($E$3,2)<7))-7*20)+6)+1,'Данные'!$B:$B,$B$3) | C18: =B18*(100+22)/100 | D18: =SUMIFS('Данные'!$D:$D,'Данные'!$A:$A,">="&(($E$3-WEEKDAY($E$3,2)+1-7*(WEEKDAY($E$3,2)<7))-7*20),'Данные'!$A:$A,"<"&((($E$3-WEEKDAY($E$3,2)+1-7*(WEEKDAY($E$3,2)<7))-7*20)+6)+1,'Данные'!$B:$B,$B$3) | E18: =SUMIFS('Данные'!$E:$E,'Данные'!$A:$A,">="&(($E$3-WEEKDAY($E$3,2)+1-7*(WEEKDAY($E$3,2)<7))-7*20),'Данные'!$A:$A,"<"&((($E$3-WEEKDAY($E$3,2)+1-7*(WEEKDAY($E$3,2)<7))-7*20)+6)+1,'Данные'!$B:$B,$B$3) | F18: =IFERROR(E18/D18,"") | G18: =IFERROR(B18/E18,"") | H18: =SUMIFS('Данные'!$F:$F,'Данные'!$A:$A,">="&(($E$3-WEEKDAY($E$3,2)+1-7*(WEEKDAY($E$3,2)<7))-7*20),'Данные'!$A:$A,"<"&((($E$3-WEEKDAY($E$3,2)+1-7*(WEEKDAY($E$3,2)<7))-7*20)+6)+1,'Данные'!$B:$B,$B$3) | I18: =IFERROR(B18/H18,"") | J18: =IFERROR(H18/E18,"")
A19: =TEXT((($E$3-WEEKDAY($E$3,2)+1-7*(WEEKDAY($E$3,2)<7))-7*19),"DD.MM")&"–"&TEXT((($E$3-WEEKDAY($E$3,2)+1-7*(WEEKDAY($E$3,2)<7))-7*19)+6,"DD.MM.YYYY") | B19: =SUMIFS('Данные'!$C:$C,'Данные'!$A:$A,">="&(($E$3-WEEKDAY($E$3,2)+1-7*(WEEKDAY($E$3,2)<7))-7*19),'Данные'!$A:$A,"<"&((($E$3-WEEKDAY($E$3,2)+1-7*(WEEKDAY($E$3,2)<7))-7*19)+6)+1,'Данные'!$B:$B,$B$3) | C19: =B19*(100+22)/100 | D19: =SUMIFS('Данные'!$D:$D,'Данные'!$A:$A,">="&(($E$3-WEEKDAY($E$3,2)+1-7*(WEEKDAY($E$3,2)<7))-7*19),'Данные'!$A:$A,"<"&((($E$3-WEEKDAY($E$3,2)+1-7*(WEEKDAY($E$3,2)<7))-7*19)+6)+1,'Данные'!$B:$B,$B$3) | E19: =SUMIFS('Данные'!$E:$E,'Данные'!$A:$A,">="&(($E$3-WEEKDAY($E$3,2)+1-7*(WEEKDAY($E$3,2)<7))-7*19),'Данные'!$A:$A,"<"&((($E$3-WEEKDAY($E$3,2)+1-7*(WEEKDAY($E$3,2)<7))-7*19)+6)+1,'Данные'!$B:$B,$B$3) | F19: =IFERROR(E19/D19,"") | G19: =IFERROR(B19/E19,"") | H19: =SUMIFS('Данные'!$F:$F,'Данные'!$A:$A,">="&(($E$3-WEEKDAY($E$3,2)+1-7*(WEEKDAY($E$3,2)<7))-7*19),'Данные'!$A:$A,"<"&((($E$3-WEEKDAY($E$3,2)+1-7*(WEEKDAY($E$3,2)<7))-7*19)+6)+1,'Данные'!$B:$B,$B$3) | I19: =IFERROR(B19/H19,"") | J19: =IFERROR(H19/E19,"")
A20: =TEXT((($E$3-WEEKDAY($E$3,2)+1-7*(WEEKDAY($E$3,2)<7))-7*18),"DD.MM")&"–"&TEXT((($E$3-WEEKDAY($E$3,2)+1-7*(WEEKDAY($E$3,2)<7))-7*18)+6,"DD.MM.YYYY") | B20: =SUMIFS('Данные'!$C:$C,'Данные'!$A:$A,">="&(($E$3-WEEKDAY($E$3,2)+1-7*(WEEKDAY($E$3,2)<7))-7*18),'Данные'!$A:$A,"<"&((($E$3-WEEKDAY($E$3,2)+1-7*(WEEKDAY($E$3,2)<7))-7*18)+6)+1,'Данные'!$B:$B,$B$3) | C20: =B20*(100+22)/100 | D20: =SUMIFS('Данные'!$D:$D,'Данные'!$A:$A,">="&(($E$3-WEEKDAY($E$3,2)+1-7*(WEEKDAY($E$3,2)<7))-7*18),'Данные'!$A:$A,"<"&((($E$3-WEEKDAY($E$3,2)+1-7*(WEEKDAY($E$3,2)<7))-7*18)+6)+1,'Данные'!$B:$B,$B$3) | E20: =SUMIFS('Данные'!$E:$E,'Данные'!$A:$A,">="&(($E$3-WEEKDAY($E$3,2)+1-7*(WEEKDAY($E$3,2)<7))-7*18),'Данные'!$A:$A,"<"&((($E$3-WEEKDAY($E$3,2)+1-7*(WEEKDAY($E$3,2)<7))-7*18)+6)+1,'Данные'!$B:$B,$B$3) | F20: =IFERROR(E20/D20,"") | G20: =IFERROR(B20/E20,"") | H20: =SUMIFS('Данные'!$F:$F,'Данные'!$A:$A,">="&(($E$3-WEEKDAY($E$3,2)+1-7*(WEEKDAY($E$3,2)<7))-7*18),'Данные'!$A:$A,"<"&((($E$3-WEEKDAY($E$3,2)+1-7*(WEEKDAY($E$3,2)<7))-7*18)+6)+1,'Данные'!$B:$B,$B$3) | I20: =IFERROR(B20/H20,"") | J20: =IFERROR(H20/E20,"")
A21: =TEXT((($E$3-WEEKDAY($E$3,2)+1-7*(WEEKDAY($E$3,2)<7))-7*17),"DD.MM")&"–"&TEXT((($E$3-WEEKDAY($E$3,2)+1-7*(WEEKDAY($E$3,2)<7))-7*17)+6,"DD.MM.YYYY") | B21: =SUMIFS('Данные'!$C:$C,'Данные'!$A:$A,">="&(($E$3-WEEKDAY($E$3,2)+1-7*(WEEKDAY($E$3,2)<7))-7*17),'Данные'!$A:$A,"<"&((($E$3-WEEKDAY($E$3,2)+1-7*(WEEKDAY($E$3,2)<7))-7*17)+6)+1,'Данные'!$B:$B,$B$3) | C21: =B21*(100+22)/100 | D21: =SUMIFS('Данные'!$D:$D,'Данные'!$A:$A,">="&(($E$3-WEEKDAY($E$3,2)+1-7*(WEEKDAY($E$3,2)<7))-7*17),'Данные'!$A:$A,"<"&((($E$3-WEEKDAY($E$3,2)+1-7*(WEEKDAY($E$3,2)<7))-7*17)+6)+1,'Данные'!$B:$B,$B$3) | E21: =SUMIFS('Данные'!$E:$E,'Данные'!$A:$A,">="&(($E$3-WEEKDAY($E$3,2)+1-7*(WEEKDAY($E$3,2)<7))-7*17),'Данные'!$A:$A,"<"&((($E$3-WEEKDAY($E$3,2)+1-7*(WEEKDAY($E$3,2)<7))-7*17)+6)+1,'Данные'!$B:$B,$B$3) | F21: =IFERROR(E21/D21,"") | G21: =IFERROR(B21/E21,"") | H21: =SUMIFS('Данные'!$F:$F,'Данные'!$A:$A,">="&(($E$3-WEEKDAY($E$3,2)+1-7*(WEEKDAY($E$3,2)<7))-7*17),'Данные'!$A:$A,"<"&((($E$3-WEEKDAY($E$3,2)+1-7*(WEEKDAY($E$3,2)<7))-7*17)+6)+1,'Данные'!$B:$B,$B$3) | I21: =IFERROR(B21/H21,"") | J21: =IFERROR(H21/E21,"")
A22: =TEXT((($E$3-WEEKDAY($E$3,2)+1-7*(WEEKDAY($E$3,2)<7))-7*16),"DD.MM")&"–"&TEXT((($E$3-WEEKDAY($E$3,2)+1-7*(WEEKDAY($E$3,2)<7))-7*16)+6,"DD.MM.YYYY") | B22: =SUMIFS('Данные'!$C:$C,'Данные'!$A:$A,">="&(($E$3-WEEKDAY($E$3,2)+1-7*(WEEKDAY($E$3,2)<7))-7*16),'Данные'!$A:$A,"<"&((($E$3-WEEKDAY($E$3,2)+1-7*(WEEKDAY($E$3,2)<7))-7*16)+6)+1,'Данные'!$B:$B,$B$3) | C22: =B22*(100+22)/100 | D22: =SUMIFS('Данные'!$D:$D,'Данные'!$A:$A,">="&(($E$3-WEEKDAY($E$3,2)+1-7*(WEEKDAY($E$3,2)<7))-7*16),'Данные'!$A:$A,"<"&((($E$3-WEEKDAY($E$3,2)+1-7*(WEEKDAY($E$3,2)<7))-7*16)+6)+1,'Данные'!$B:$B,$B$3) | E22: =SUMIFS('Данные'!$E:$E,'Данные'!$A:$A,">="&(($E$3-WEEKDAY($E$3,2)+1-7*(WEEKDAY($E$3,2)<7))-7*16),'Данные'!$A:$A,"<"&((($E$3-WEEKDAY($E$3,2)+1-7*(WEEKDAY($E$3,2)<7))-7*16)+6)+1,'Данные'!$B:$B,$B$3) | F22: =IFERROR(E22/D22,"") | G22: =IFERROR(B22/E22,"") | H22: =SUMIFS('Данные'!$F:$F,'Данные'!$A:$A,">="&(($E$3-WEEKDAY($E$3,2)+1-7*(WEEKDAY($E$3,2)<7))-7*16),'Данные'!$A:$A,"<"&((($E$3-WEEKDAY($E$3,2)+1-7*(WEEKDAY($E$3,2)<7))-7*16)+6)+1,'Данные'!$B:$B,$B$3) | I22: =IFERROR(B22/H22,"") | J22: =IFERROR(H22/E22,"")
A23: =TEXT((($E$3-WEEKDAY($E$3,2)+1-7*(WEEKDAY($E$3,2)<7))-7*15),"DD.MM")&"–"&TEXT((($E$3-WEEKDAY($E$3,2)+1-7*(WEEKDAY($E$3,2)<7))-7*15)+6,"DD.MM.YYYY") | B23: =SUMIFS('Данные'!$C:$C,'Данные'!$A:$A,">="&(($E$3-WEEKDAY($E$3,2)+1-7*(WEEKDAY($E$3,2)<7))-7*15),'Данные'!$A:$A,"<"&((($E$3-WEEKDAY($E$3,2)+1-7*(WEEKDAY($E$3,2)<7))-7*15)+6)+1,'Данные'!$B:$B,$B$3) | C23: =B23*(100+22)/100 | D23: =SUMIFS('Данные'!$D:$D,'Данные'!$A:$A,">="&(($E$3-WEEKDAY($E$3,2)+1-7*(WEEKDAY($E$3,2)<7))-7*15),'Данные'!$A:$A,"<"&((($E$3-WEEKDAY($E$3,2)+1-7*(WEEKDAY($E$3,2)<7))-7*15)+6)+1,'Данные'!$B:$B,$B$3) | E23: =SUMIFS('Данные'!$E:$E,'Данные'!$A:$A,">="&(($E$3-WEEKDAY($E$3,2)+1-7*(WEEKDAY($E$3,2)<7))-7*15),'Данные'!$A:$A,"<"&((($E$3-WEEKDAY($E$3,2)+1-7*(WEEKDAY($E$3,2)<7))-7*15)+6)+1,'Данные'!$B:$B,$B$3) | F23: =IFERROR(E23/D23,"") | G23: =IFERROR(B23/E23,"") | H23: =SUMIFS('Данные'!$F:$F,'Данные'!$A:$A,">="&(($E$3-WEEKDAY($E$3,2)+1-7*(WEEKDAY($E$3,2)<7))-7*15),'Данные'!$A:$A,"<"&((($E$3-WEEKDAY($E$3,2)+1-7*(WEEKDAY($E$3,2)<7))-7*15)+6)+1,'Данные'!$B:$B,$B$3) | I23: =IFERROR(B23/H23,"") | J23: =IFERROR(H23/E23,"")
A24: =TEXT((($E$3-WEEKDAY($E$3,2)+1-7*(WEEKDAY($E$3,2)<7))-7*14),"DD.MM")&"–"&TEXT((($E$3-WEEKDAY($E$3,2)+1-7*(WEEKDAY($E$3,2)<7))-7*14)+6,"DD.MM.YYYY") | B24: =SUMIFS('Данные'!$C:$C,'Данные'!$A:$A,">="&(($E$3-WEEKDAY($E$3,2)+1-7*(WEEKDAY($E$3,2)<7))-7*14),'Данные'!$A:$A,"<"&((($E$3-WEEKDAY($E$3,2)+1-7*(WEEKDAY($E$3,2)<7))-7*14)+6)+1,'Данные'!$B:$B,$B$3) | C24: =B24*(100+22)/100 | D24: =SUMIFS('Данные'!$D:$D,'Данные'!$A:$A,">="&(($E$3-WEEKDAY($E$3,2)+1-7*(WEEKDAY($E$3,2)<7))-7*14),'Данные'!$A:$A,"<"&((($E$3-WEEKDAY($E$3,2)+1-7*(WEEKDAY($E$3,2)<7))-7*14)+6)+1,'Данные'!$B:$B,$B$3) | E24: =SUMIFS('Данные'!$E:$E,'Данные'!$A:$A,">="&(($E$3-WEEKDAY($E$3,2)+1-7*(WEEKDAY($E$3,2)<7))-7*14),'Данные'!$A:$A,"<"&((($E$3-WEEKDAY($E$3,2)+1-7*(WEEKDAY($E$3,2)<7))-7*14)+6)+1,'Данные'!$B:$B,$B$3) | F24: =IFERROR(E24/D24,"") | G24: =IFERROR(B24/E24,"") | H24: =SUMIFS('Данные'!$F:$F,'Данные'!$A:$A,">="&(($E$3-WEEKDAY($E$3,2)+1-7*(WEEKDAY($E$3,2)<7))-7*14),'Данные'!$A:$A,"<"&((($E$3-WEEKDAY($E$3,2)+1-7*(WEEKDAY($E$3,2)<7))-7*14)+6)+1,'Данные'!$B:$B,$B$3) | I24: =IFERROR(B24/H24,"") | J24: =IFERROR(H24/E24,"")
A25: =TEXT((($E$3-WEEKDAY($E$3,2)+1-7*(WEEKDAY($E$3,2)<7))-7*13),"DD.MM")&"–"&TEXT((($E$3-WEEKDAY($E$3,2)+1-7*(WEEKDAY($E$3,2)<7))-7*13)+6,"DD.MM.YYYY") | B25: =SUMIFS('Данные'!$C:$C,'Данные'!$A:$A,">="&(($E$3-WEEKDAY($E$3,2)+1-7*(WEEKDAY($E$3,2)<7))-7*13),'Данные'!$A:$A,"<"&((($E$3-WEEKDAY($E$3,2)+1-7*(WEEKDAY($E$3,2)<7))-7*13)+6)+1,'Данные'!$B:$B,$B$3) | C25: =B25*(100+22)/100 | D25: =SUMIFS('Данные'!$D:$D,'Данные'!$A:$A,">="&(($E$3-WEEKDAY($E$3,2)+1-7*(WEEKDAY($E$3,2)<7))-7*13),'Данные'!$A:$A,"<"&((($E$3-WEEKDAY($E$3,2)+1-7*(WEEKDAY($E$3,2)<7))-7*13)+6)+1,'Данные'!$B:$B,$B$3) | E25: =SUMIFS('Данные'!$E:$E,'Данные'!$A:$A,">="&(($E$3-WEEKDAY($E$3,2)+1-7*(WEEKDAY($E$3,2)<7))-7*13),'Данные'!$A:$A,"<"&((($E$3-WEEKDAY($E$3,2)+1-7*(WEEKDAY($E$3,2)<7))-7*13)+6)+1,'Данные'!$B:$B,$B$3) | F25: =IFERROR(E25/D25,"") | G25: =IFERROR(B25/E25,"") | H25: =SUMIFS('Данные'!$F:$F,'Данные'!$A:$A,">="&(($E$3-WEEKDAY($E$3,2)+1-7*(WEEKDAY($E$3,2)<7))-7*13),'Данные'!$A:$A,"<"&((($E$3-WEEKDAY($E$3,2)+1-7*(WEEKDAY($E$3,2)<7))-7*13)+6)+1,'Данные'!$B:$B,$B$3) | I25: =IFERROR(B25/H25,"") | J25: =IFERROR(H25/E25,"")
A26: =TEXT((($E$3-WEEKDAY($E$3,2)+1-7*(WEEKDAY($E$3,2)<7))-7*12),"DD.MM")&"–"&TEXT((($E$3-WEEKDAY($E$3,2)+1-7*(WEEKDAY($E$3,2)<7))-7*12)+6,"DD.MM.YYYY") | B26: =SUMIFS('Данные'!$C:$C,'Данные'!$A:$A,">="&(($E$3-WEEKDAY($E$3,2)+1-7*(WEEKDAY($E$3,2)<7))-7*12),'Данные'!$A:$A,"<"&((($E$3-WEEKDAY($E$3,2)+1-7*(WEEKDAY($E$3,2)<7))-7*12)+6)+1,'Данные'!$B:$B,$B$3) | C26: =B26*(100+22)/100 | D26: =SUMIFS('Данные'!$D:$D,'Данные'!$A:$A,">="&(($E$3-WEEKDAY($E$3,2)+1-7*(WEEKDAY($E$3,2)<7))-7*12),'Данные'!$A:$A,"<"&((($E$3-WEEKDAY($E$3,2)+1-7*(WEEKDAY($E$3,2)<7))-7*12)+6)+1,'Данные'!$B:$B,$B$3) | E26: =SUMIFS('Данные'!$E:$E,'Данные'!$A:$A,">="&(($E$3-WEEKDAY($E$3,2)+1-7*(WEEKDAY($E$3,2)<7))-7*12),'Данные'!$A:$A,"<"&((($E$3-WEEKDAY($E$3,2)+1-7*(WEEKDAY($E$3,2)<7))-7*12)+6)+1,'Данные'!$B:$B,$B$3) | F26: =IFERROR(E26/D26,"") | G26: =IFERROR(B26/E26,"") | H26: =SUMIFS('Данные'!$F:$F,'Данные'!$A:$A,">="&(($E$3-WEEKDAY($E$3,2)+1-7*(WEEKDAY($E$3,2)<7))-7*12),'Данные'!$A:$A,"<"&((($E$3-WEEKDAY($E$3,2)+1-7*(WEEKDAY($E$3,2)<7))-7*12)+6)+1,'Данные'!$B:$B,$B$3) | I26: =IFERROR(B26/H26,"") | J26: =IFERROR(H26/E26,"")
A27: =TEXT((($E$3-WEEKDAY($E$3,2)+1-7*(WEEKDAY($E$3,2)<7))-7*11),"DD.MM")&"–"&TEXT((($E$3-WEEKDAY($E$3,2)+1-7*(WEEKDAY($E$3,2)<7))-7*11)+6,"DD.MM.YYYY") | B27: =SUMIFS('Данные'!$C:$C,'Данные'!$A:$A,">="&(($E$3-WEEKDAY($E$3,2)+1-7*(WEEKDAY($E$3,2)<7))-7*11),'Данные'!$A:$A,"<"&((($E$3-WEEKDAY($E$3,2)+1-7*(WEEKDAY($E$3,2)<7))-7*11)+6)+1,'Данные'!$B:$B,$B$3) | C27: =B27*(100+22)/100 | D27: =SUMIFS('Данные'!$D:$D,'Данные'!$A:$A,">="&(($E$3-WEEKDAY($E$3,2)+1-7*(WEEKDAY($E$3,2)<7))-7*11),'Данные'!$A:$A,"<"&((($E$3-WEEKDAY($E$3,2)+1-7*(WEEKDAY($E$3,2)<7))-7*11)+6)+1,'Данные'!$B:$B,$B$3) | E27: =SUMIFS('Данные'!$E:$E,'Данные'!$A:$A,">="&(($E$3-WEEKDAY($E$3,2)+1-7*(WEEKDAY($E$3,2)<7))-7*11),'Данные'!$A:$A,"<"&((($E$3-WEEKDAY($E$3,2)+1-7*(WEEKDAY($E$3,2)<7))-7*11)+6)+1,'Данные'!$B:$B,$B$3) | F27: =IFERROR(E27/D27,"") | G27: =IFERROR(B27/E27,"") | H27: =SUMIFS('Данные'!$F:$F,'Данные'!$A:$A,">="&(($E$3-WEEKDAY($E$3,2)+1-7*(WEEKDAY($E$3,2)<7))-7*11),'Данные'!$A:$A,"<"&((($E$3-WEEKDAY($E$3,2)+1-7*(WEEKDAY($E$3,2)<7))-7*11)+6)+1,'Данные'!$B:$B,$B$3) | I27: =IFERROR(B27/H27,"") | J27: =IFERROR(H27/E27,"")
A28: =TEXT((($E$3-WEEKDAY($E$3,2)+1-7*(WEEKDAY($E$3,2)<7))-7*10),"DD.MM")&"–"&TEXT((($E$3-WEEKDAY($E$3,2)+1-7*(WEEKDAY($E$3,2)<7))-7*10)+6,"DD.MM.YYYY") | B28: =SUMIFS('Данные'!$C:$C,'Данные'!$A:$A,">="&(($E$3-WEEKDAY($E$3,2)+1-7*(WEEKDAY($E$3,2)<7))-7*10),'Данные'!$A:$A,"<"&((($E$3-WEEKDAY($E$3,2)+1-7*(WEEKDAY($E$3,2)<7))-7*10)+6)+1,'Данные'!$B:$B,$B$3) | C28: =B28*(100+22)/100 | D28: =SUMIFS('Данные'!$D:$D,'Данные'!$A:$A,">="&(($E$3-WEEKDAY($E$3,2)+1-7*(WEEKDAY($E$3,2)<7))-7*10),'Данные'!$A:$A,"<"&((($E$3-WEEKDAY($E$3,2)+1-7*(WEEKDAY($E$3,2)<7))-7*10)+6)+1,'Данные'!$B:$B,$B$3) | E28: =SUMIFS('Данные'!$E:$E,'Данные'!$A:$A,">="&(($E$3-WEEKDAY($E$3,2)+1-7*(WEEKDAY($E$3,2)<7))-7*10),'Данные'!$A:$A,"<"&((($E$3-WEEKDAY($E$3,2)+1-7*(WEEKDAY($E$3,2)<7))-7*10)+6)+1,'Данные'!$B:$B,$B$3) | F28: =IFERROR(E28/D28,"") | G28: =IFERROR(B28/E28,"") | H28: =SUMIFS('Данные'!$F:$F,'Данные'!$A:$A,">="&(($E$3-WEEKDAY($E$3,2)+1-7*(WEEKDAY($E$3,2)<7))-7*10),'Данные'!$A:$A,"<"&((($E$3-WEEKDAY($E$3,2)+1-7*(WEEKDAY($E$3,2)<7))-7*10)+6)+1,'Данные'!$B:$B,$B$3) | I28: =IFERROR(B28/H28,"") | J28: =IFERROR(H28/E28,"")
A29: =TEXT((($E$3-WEEKDAY($E$3,2)+1-7*(WEEKDAY($E$3,2)<7))-7*9),"DD.MM")&"–"&TEXT((($E$3-WEEKDAY($E$3,2)+1-7*(WEEKDAY($E$3,2)<7))-7*9)+6,"DD.MM.YYYY") | B29: =SUMIFS('Данные'!$C:$C,'Данные'!$A:$A,">="&(($E$3-WEEKDAY($E$3,2)+1-7*(WEEKDAY($E$3,2)<7))-7*9),'Данные'!$A:$A,"<"&((($E$3-WEEKDAY($E$3,2)+1-7*(WEEKDAY($E$3,2)<7))-7*9)+6)+1,'Данные'!$B:$B,$B$3) | C29: =B29*(100+22)/100 | D29: =SUMIFS('Данные'!$D:$D,'Данные'!$A:$A,">="&(($E$3-WEEKDAY($E$3,2)+1-7*(WEEKDAY($E$3,2)<7))-7*9),'Данные'!$A:$A,"<"&((($E$3-WEEKDAY($E$3,2)+1-7*(WEEKDAY($E$3,2)<7))-7*9)+6)+1,'Данные'!$B:$B,$B$3) | E29: =SUMIFS('Данные'!$E:$E,'Данные'!$A:$A,">="&(($E$3-WEEKDAY($E$3,2)+1-7*(WEEKDAY($E$3,2)<7))-7*9),'Данные'!$A:$A,"<"&((($E$3-WEEKDAY($E$3,2)+1-7*(WEEKDAY($E$3,2)<7))-7*9)+6)+1,'Данные'!$B:$B,$B$3) | F29: =IFERROR(E29/D29,"") | G29: =IFERROR(B29/E29,"") | H29: =SUMIFS('Данные'!$F:$F,'Данные'!$A:$A,">="&(($E$3-WEEKDAY($E$3,2)+1-7*(WEEKDAY($E$3,2)<7))-7*9),'Данные'!$A:$A,"<"&((($E$3-WEEKDAY($E$3,2)+1-7*(WEEKDAY($E$3,2)<7))-7*9)+6)+1,'Данные'!$B:$B,$B$3) | I29: =IFERROR(B29/H29,"") | J29: =IFERROR(H29/E29,"")
A30: =TEXT((($E$3-WEEKDAY($E$3,2)+1-7*(WEEKDAY($E$3,2)<7))-7*8),"DD.MM")&"–"&TEXT((($E$3-WEEKDAY($E$3,2)+1-7*(WEEKDAY($E$3,2)<7))-7*8)+6,"DD.MM.YYYY") | B30: =SUMIFS('Данные'!$C:$C,'Данные'!$A:$A,">="&(($E$3-WEEKDAY($E$3,2)+1-7*(WEEKDAY($E$3,2)<7))-7*8),'Данные'!$A:$A,"<"&((($E$3-WEEKDAY($E$3,2)+1-7*(WEEKDAY($E$3,2)<7))-7*8)+6)+1,'Данные'!$B:$B,$B$3) | C30: =B30*(100+22)/100 | D30: =SUMIFS('Данные'!$D:$D,'Данные'!$A:$A,">="&(($E$3-WEEKDAY($E$3,2)+1-7*(WEEKDAY($E$3,2)<7))-7*8),'Данные'!$A:$A,"<"&((($E$3-WEEKDAY($E$3,2)+1-7*(WEEKDAY($E$3,2)<7))-7*8)+6)+1,'Данные'!$B:$B,$B$3) | E30: =SUMIFS('Данные'!$E:$E,'Данные'!$A:$A,">="&(($E$3-WEEKDAY($E$3,2)+1-7*(WEEKDAY($E$3,2)<7))-7*8),'Данные'!$A:$A,"<"&((($E$3-WEEKDAY($E$3,2)+1-7*(WEEKDAY($E$3,2)<7))-7*8)+6)+1,'Данные'!$B:$B,$B$3) | F30: =IFERROR(E30/D30,"") | G30: =IFERROR(B30/E30,"") | H30: =SUMIFS('Данные'!$F:$F,'Данные'!$A:$A,">="&(($E$3-WEEKDAY($E$3,2)+1-7*(WEEKDAY($E$3,2)<7))-7*8),'Данные'!$A:$A,"<"&((($E$3-WEEKDAY($E$3,2)+1-7*(WEEKDAY($E$3,2)<7))-7*8)+6)+1,'Данные'!$B:$B,$B$3) | I30: =IFERROR(B30/H30,"") | J30: =IFERROR(H30/E30,"")
A31: =TEXT((($E$3-WEEKDAY($E$3,2)+1-7*(WEEKDAY($E$3,2)<7))-7*7),"DD.MM")&"–"&TEXT((($E$3-WEEKDAY($E$3,2)+1-7*(WEEKDAY($E$3,2)<7))-7*7)+6,"DD.MM.YYYY") | B31: =SUMIFS('Данные'!$C:$C,'Данные'!$A:$A,">="&(($E$3-WEEKDAY($E$3,2)+1-7*(WEEKDAY($E$3,2)<7))-7*7),'Данные'!$A:$A,"<"&((($E$3-WEEKDAY($E$3,2)+1-7*(WEEKDAY($E$3,2)<7))-7*7)+6)+1,'Данные'!$B:$B,$B$3) | C31: =B31*(100+22)/100 | D31: =SUMIFS('Данные'!$D:$D,'Данные'!$A:$A,">="&(($E$3-WEEKDAY($E$3,2)+1-7*(WEEKDAY($E$3,2)<7))-7*7),'Данные'!$A:$A,"<"&((($E$3-WEEKDAY($E$3,2)+1-7*(WEEKDAY($E$3,2)<7))-7*7)+6)+1,'Данные'!$B:$B,$B$3) | E31: =SUMIFS('Данные'!$E:$E,'Данные'!$A:$A,">="&(($E$3-WEEKDAY($E$3,2)+1-7*(WEEKDAY($E$3,2)<7))-7*7),'Данные'!$A:$A,"<"&((($E$3-WEEKDAY($E$3,2)+1-7*(WEEKDAY($E$3,2)<7))-7*7)+6)+1,'Данные'!$B:$B,$B$3) | F31: =IFERROR(E31/D31,"") | G31: =IFERROR(B31/E31,"") | H31: =SUMIFS('Данные'!$F:$F,'Данные'!$A:$A,">="&(($E$3-WEEKDAY($E$3,2)+1-7*(WEEKDAY($E$3,2)<7))-7*7),'Данные'!$A:$A,"<"&((($E$3-WEEKDAY($E$3,2)+1-7*(WEEKDAY($E$3,2)<7))-7*7)+6)+1,'Данные'!$B:$B,$B$3) | I31: =IFERROR(B31/H31,"") | J31: =IFERROR(H31/E31,"")
A32: =TEXT((($E$3-WEEKDAY($E$3,2)+1-7*(WEEKDAY($E$3,2)<7))-7*6),"DD.MM")&"–"&TEXT((($E$3-WEEKDAY($E$3,2)+1-7*(WEEKDAY($E$3,2)<7))-7*6)+6,"DD.MM.YYYY") | B32: =SUMIFS('Данные'!$C:$C,'Данные'!$A:$A,">="&(($E$3-WEEKDAY($E$3,2)+1-7*(WEEKDAY($E$3,2)<7))-7*6),'Данные'!$A:$A,"<"&((($E$3-WEEKDAY($E$3,2)+1-7*(WEEKDAY($E$3,2)<7))-7*6)+6)+1,'Данные'!$B:$B,$B$3) | C32: =B32*(100+22)/100 | D32: =SUMIFS('Данные'!$D:$D,'Данные'!$A:$A,">="&(($E$3-WEEKDAY($E$3,2)+1-7*(WEEKDAY($E$3,2)<7))-7*6),'Данные'!$A:$A,"<"&((($E$3-WEEKDAY($E$3,2)+1-7*(WEEKDAY($E$3,2)<7))-7*6)+6)+1,'Данные'!$B:$B,$B$3) | E32: =SUMIFS('Данные'!$E:$E,'Данные'!$A:$A,">="&(($E$3-WEEKDAY($E$3,2)+1-7*(WEEKDAY($E$3,2)<7))-7*6),'Данные'!$A:$A,"<"&((($E$3-WEEKDAY($E$3,2)+1-7*(WEEKDAY($E$3,2)<7))-7*6)+6)+1,'Данные'!$B:$B,$B$3) | F32: =IFERROR(E32/D32,"") | G32: =IFERROR(B32/E32,"") | H32: =SUMIFS('Данные'!$F:$F,'Данные'!$A:$A,">="&(($E$3-WEEKDAY($E$3,2)+1-7*(WEEKDAY($E$3,2)<7))-7*6),'Данные'!$A:$A,"<"&((($E$3-WEEKDAY($E$3,2)+1-7*(WEEKDAY($E$3,2)<7))-7*6)+6)+1,'Данные'!$B:$B,$B$3) | I32: =IFERROR(B32/H32,"") | J32: =IFERROR(H32/E32,"")
A33: =TEXT((($E$3-WEEKDAY($E$3,2)+1-7*(WEEKDAY($E$3,2)<7))-7*5),"DD.MM")&"–"&TEXT((($E$3-WEEKDAY($E$3,2)+1-7*(WEEKDAY($E$3,2)<7))-7*5)+6,"DD.MM.YYYY") | B33: =SUMIFS('Данные'!$C:$C,'Данные'!$A:$A,">="&(($E$3-WEEKDAY($E$3,2)+1-7*(WEEKDAY($E$3,2)<7))-7*5),'Данные'!$A:$A,"<"&((($E$3-WEEKDAY($E$3,2)+1-7*(WEEKDAY($E$3,2)<7))-7*5)+6)+1,'Данные'!$B:$B,$B$3) | C33: =B33*(100+22)/100 | D33: =SUMIFS('Данные'!$D:$D,'Данные'!$A:$A,">="&(($E$3-WEEKDAY($E$3,2)+1-7*(WEEKDAY($E$3,2)<7))-7*5),'Данные'!$A:$A,"<"&((($E$3-WEEKDAY($E$3,2)+1-7*(WEEKDAY($E$3,2)<7))-7*5)+6)+1,'Данные'!$B:$B,$B$3) | E33: =SUMIFS('Данные'!$E:$E,'Данные'!$A:$A,">="&(($E$3-WEEKDAY($E$3,2)+1-7*(WEEKDAY($E$3,2)<7))-7*5),'Данные'!$A:$A,"<"&((($E$3-WEEKDAY($E$3,2)+1-7*(WEEKDAY($E$3,2)<7))-7*5)+6)+1,'Данные'!$B:$B,$B$3) | F33: =IFERROR(E33/D33,"") | G33: =IFERROR(B33/E33,"") | H33: =SUMIFS('Данные'!$F:$F,'Данные'!$A:$A,">="&(($E$3-WEEKDAY($E$3,2)+1-7*(WEEKDAY($E$3,2)<7))-7*5),'Данные'!$A:$A,"<"&((($E$3-WEEKDAY($E$3,2)+1-7*(WEEKDAY($E$3,2)<7))-7*5)+6)+1,'Данные'!$B:$B,$B$3) | I33: =IFERROR(B33/H33,"") | J33: =IFERROR(H33/E33,"")
A34: =TEXT((($E$3-WEEKDAY($E$3,2)+1-7*(WEEKDAY($E$3,2)<7))-7*4),"DD.MM")&"–"&TEXT((($E$3-WEEKDAY($E$3,2)+1-7*(WEEKDAY($E$3,2)<7))-7*4)+6,"DD.MM.YYYY") | B34: =SUMIFS('Данные'!$C:$C,'Данные'!$A:$A,">="&(($E$3-WEEKDAY($E$3,2)+1-7*(WEEKDAY($E$3,2)<7))-7*4),'Данные'!$A:$A,"<"&((($E$3-WEEKDAY($E$3,2)+1-7*(WEEKDAY($E$3,2)<7))-7*4)+6)+1,'Данные'!$B:$B,$B$3) | C34: =B34*(100+22)/100 | D34: =SUMIFS('Данные'!$D:$D,'Данные'!$A:$A,">="&(($E$3-WEEKDAY($E$3,2)+1-7*(WEEKDAY($E$3,2)<7))-7*4),'Данные'!$A:$A,"<"&((($E$3-WEEKDAY($E$3,2)+1-7*(WEEKDAY($E$3,2)<7))-7*4)+6)+1,'Данные'!$B:$B,$B$3) | E34: =SUMIFS('Данные'!$E:$E,'Данные'!$A:$A,">="&(($E$3-WEEKDAY($E$3,2)+1-7*(WEEKDAY($E$3,2)<7))-7*4),'Данные'!$A:$A,"<"&((($E$3-WEEKDAY($E$3,2)+1-7*(WEEKDAY($E$3,2)<7))-7*4)+6)+1,'Данные'!$B:$B,$B$3) | F34: =IFERROR(E34/D34,"") | G34: =IFERROR(B34/E34,"") | H34: =SUMIFS('Данные'!$F:$F,'Данные'!$A:$A,">="&(($E$3-WEEKDAY($E$3,2)+1-7*(WEEKDAY($E$3,2)<7))-7*4),'Данные'!$A:$A,"<"&((($E$3-WEEKDAY($E$3,2)+1-7*(WEEKDAY($E$3,2)<7))-7*4)+6)+1,'Данные'!$B:$B,$B$3) | I34: =IFERROR(B34/H34,"") | J34: =IFERROR(H34/E34,"")
A35: =TEXT((($E$3-WEEKDAY($E$3,2)+1-7*(WEEKDAY($E$3,2)<7))-7*3),"DD.MM")&"–"&TEXT((($E$3-WEEKDAY($E$3,2)+1-7*(WEEKDAY($E$3,2)<7))-7*3)+6,"DD.MM.YYYY") | B35: =SUMIFS('Данные'!$C:$C,'Данные'!$A:$A,">="&(($E$3-WEEKDAY($E$3,2)+1-7*(WEEKDAY($E$3,2)<7))-7*3),'Данные'!$A:$A,"<"&((($E$3-WEEKDAY($E$3,2)+1-7*(WEEKDAY($E$3,2)<7))-7*3)+6)+1,'Данные'!$B:$B,$B$3) | C35: =B35*(100+22)/100 | D35: =SUMIFS('Данные'!$D:$D,'Данные'!$A:$A,">="&(($E$3-WEEKDAY($E$3,2)+1-7*(WEEKDAY($E$3,2)<7))-7*3),'Данные'!$A:$A,"<"&((($E$3-WEEKDAY($E$3,2)+1-7*(WEEKDAY($E$3,2)<7))-7*3)+6)+1,'Данные'!$B:$B,$B$3) | E35: =SUMIFS('Данные'!$E:$E,'Данные'!$A:$A,">="&(($E$3-WEEKDAY($E$3,2)+1-7*(WEEKDAY($E$3,2)<7))-7*3),'Данные'!$A:$A,"<"&((($E$3-WEEKDAY($E$3,2)+1-7*(WEEKDAY($E$3,2)<7))-7*3)+6)+1,'Данные'!$B:$B,$B$3) | F35: =IFERROR(E35/D35,"") | G35: =IFERROR(B35/E35,"") | H35: =SUMIFS('Данные'!$F:$F,'Данные'!$A:$A,">="&(($E$3-WEEKDAY($E$3,2)+1-7*(WEEKDAY($E$3,2)<7))-7*3),'Данные'!$A:$A,"<"&((($E$3-WEEKDAY($E$3,2)+1-7*(WEEKDAY($E$3,2)<7))-7*3)+6)+1,'Данные'!$B:$B,$B$3) | I35: =IFERROR(B35/H35,"") | J35: =IFERROR(H35/E35,"")
A36: =TEXT((($E$3-WEEKDAY($E$3,2)+1-7*(WEEKDAY($E$3,2)<7))-7*2),"DD.MM")&"–"&TEXT((($E$3-WEEKDAY($E$3,2)+1-7*(WEEKDAY($E$3,2)<7))-7*2)+6,"DD.MM.YYYY") | B36: =SUMIFS('Данные'!$C:$C,'Данные'!$A:$A,">="&(($E$3-WEEKDAY($E$3,2)+1-7*(WEEKDAY($E$3,2)<7))-7*2),'Данные'!$A:$A,"<"&((($E$3-WEEKDAY($E$3,2)+1-7*(WEEKDAY($E$3,2)<7))-7*2)+6)+1,'Данные'!$B:$B,$B$3) | C36: =B36*(100+22)/100 | D36: =SUMIFS('Данные'!$D:$D,'Данные'!$A:$A,">="&(($E$3-WEEKDAY($E$3,2)+1-7*(WEEKDAY($E$3,2)<7))-7*2),'Данные'!$A:$A,"<"&((($E$3-WEEKDAY($E$3,2)+1-7*(WEEKDAY($E$3,2)<7))-7*2)+6)+1,'Данные'!$B:$B,$B$3) | E36: =SUMIFS('Данные'!$E:$E,'Данные'!$A:$A,">="&(($E$3-WEEKDAY($E$3,2)+1-7*(WEEKDAY($E$3,2)<7))-7*2),'Данные'!$A:$A,"<"&((($E$3-WEEKDAY($E$3,2)+1-7*(WEEKDAY($E$3,2)<7))-7*2)+6)+1,'Данные'!$B:$B,$B$3) | F36: =IFERROR(E36/D36,"") | G36: =IFERROR(B36/E36,"") | H36: =SUMIFS('Данные'!$F:$F,'Данные'!$A:$A,">="&(($E$3-WEEKDAY($E$3,2)+1-7*(WEEKDAY($E$3,2)<7))-7*2),'Данные'!$A:$A,"<"&((($E$3-WEEKDAY($E$3,2)+1-7*(WEEKDAY($E$3,2)<7))-7*2)+6)+1,'Данные'!$B:$B,$B$3) | I36: =IFERROR(B36/H36,"") | J36: =IFERROR(H36/E36,"")
A37: =TEXT((($E$3-WEEKDAY($E$3,2)+1-7*(WEEKDAY($E$3,2)<7))-7*1),"DD.MM")&"–"&TEXT((($E$3-WEEKDAY($E$3,2)+1-7*(WEEKDAY($E$3,2)<7))-7*1)+6,"DD.MM.YYYY") | B37: =SUMIFS('Данные'!$C:$C,'Данные'!$A:$A,">="&(($E$3-WEEKDAY($E$3,2)+1-7*(WEEKDAY($E$3,2)<7))-7*1),'Данные'!$A:$A,"<"&((($E$3-WEEKDAY($E$3,2)+1-7*(WEEKDAY($E$3,2)<7))-7*1)+6)+1,'Данные'!$B:$B,$B$3) | C37: =B37*(100+22)/100 | D37: =SUMIFS('Данные'!$D:$D,'Данные'!$A:$A,">="&(($E$3-WEEKDAY($E$3,2)+1-7*(WEEKDAY($E$3,2)<7))-7*1),'Данные'!$A:$A,"<"&((($E$3-WEEKDAY($E$3,2)+1-7*(WEEKDAY($E$3,2)<7))-7*1)+6)+1,'Данные'!$B:$B,$B$3) | E37: =SUMIFS('Данные'!$E:$E,'Данные'!$A:$A,">="&(($E$3-WEEKDAY($E$3,2)+1-7*(WEEKDAY($E$3,2)<7))-7*1),'Данные'!$A:$A,"<"&((($E$3-WEEKDAY($E$3,2)+1-7*(WEEKDAY($E$3,2)<7))-7*1)+6)+1,'Данные'!$B:$B,$B$3) | F37: =IFERROR(E37/D37,"") | G37: =IFERROR(B37/E37,"") | H37: =SUMIFS('Данные'!$F:$F,'Данные'!$A:$A,">="&(($E$3-WEEKDAY($E$3,2)+1-7*(WEEKDAY($E$3,2)<7))-7*1),'Данные'!$A:$A,"<"&((($E$3-WEEKDAY($E$3,2)+1-7*(WEEKDAY($E$3,2)<7))-7*1)+6)+1,'Данные'!$B:$B,$B$3) | I37: =IFERROR(B37/H37,"") | J37: =IFERROR(H37/E37,"")
A38: =TEXT((($E$3-WEEKDAY($E$3,2)+1-7*(WEEKDAY($E$3,2)<7))-7*0),"DD.MM")&"–"&TEXT((($E$3-WEEKDAY($E$3,2)+1-7*(WEEKDAY($E$3,2)<7))-7*0)+6,"DD.MM.YYYY") | B38: =SUMIFS('Данные'!$C:$C,'Данные'!$A:$A,">="&(($E$3-WEEKDAY($E$3,2)+1-7*(WEEKDAY($E$3,2)<7))-7*0),'Данные'!$A:$A,"<"&((($E$3-WEEKDAY($E$3,2)+1-7*(WEEKDAY($E$3,2)<7))-7*0)+6)+1,'Данные'!$B:$B,$B$3) | C38: =B38*(100+22)/100 | D38: =SUMIFS('Данные'!$D:$D,'Данные'!$A:$A,">="&(($E$3-WEEKDAY($E$3,2)+1-7*(WEEKDAY($E$3,2)<7))-7*0),'Данные'!$A:$A,"<"&((($E$3-WEEKDAY($E$3,2)+1-7*(WEEKDAY($E$3,2)<7))-7*0)+6)+1,'Данные'!$B:$B,$B$3) | E38: =SUMIFS('Данные'!$E:$E,'Данные'!$A:$A,">="&(($E$3-WEEKDAY($E$3,2)+1-7*(WEEKDAY($E$3,2)<7))-7*0),'Данные'!$A:$A,"<"&((($E$3-WEEKDAY($E$3,2)+1-7*(WEEKDAY($E$3,2)<7))-7*0)+6)+1,'Данные'!$B:$B,$B$3) | F38: =IFERROR(E38/D38,"") | G38: =IFERROR(B38/E38,"") | H38: =SUMIFS('Данные'!$F:$F,'Данные'!$A:$A,">="&(($E$3-WEEKDAY($E$3,2)+1-7*(WEEKDAY($E$3,2)<7))-7*0),'Данные'!$A:$A,"<"&((($E$3-WEEKDAY($E$3,2)+1-7*(WEEKDAY($E$3,2)<7))-7*0)+6)+1,'Данные'!$B:$B,$B$3) | I38: =IFERROR(B38/H38,"") | J38: =IFERROR(H38/E38,"")
A39: Разница с прошлой неделей | B39: =IFERROR(B38/B37-1,"") | C39: =IFERROR(C38/C37-1,"") | D39: =IFERROR(D38/D37-1,"") | E39: =IFERROR(E38/E37-1,"") | F39: =IFERROR(F38/F37-1,"") | G39: =IFERROR(G38/G37-1,"") | H39: =IFERROR(H38/H37-1,"") | I39: =IFERROR(I38/I37-1,"") | J39: =IFERROR(J38/J37-1,"")
A41: 📅 По завершённым месяцам (12)
A42: Месяц | B42: Расход | C42: Расход с НДС | D42: Показы | E42: Клики | F42: CTR | G42: CPC | H42: Подписки | I42: Цена подписки | J42: CR в подписку
A43: =CHOOSE(MONTH(EDATE(EDATE(DATE(YEAR($E$3),MONTH($E$3),1),-($E$3<EOMONTH($E$3,0))),-11)),"Январь","Февраль","Март","Апрель","Май","Июнь","Июль","Август","Сентябрь","Октябрь","Ноябрь","Декабрь")&" "&YEAR(EDATE(EDATE(DATE(YEAR($E$3),MONTH($E$3),1),-($E$3<EOMONTH($E$3,0))),-11)) | B43: =SUMIFS('Данные'!$C:$C,'Данные'!$A:$A,">="&EDATE(EDATE(DATE(YEAR($E$3),MONTH($E$3),1),-($E$3<EOMONTH($E$3,0))),-11),'Данные'!$A:$A,"<"&EOMONTH(EDATE(EDATE(DATE(YEAR($E$3),MONTH($E$3),1),-($E$3<EOMONTH($E$3,0))),-11),0)+1,'Данные'!$B:$B,$B$3) | C43: =B43*(100+22)/100 | D43: =SUMIFS('Данные'!$D:$D,'Данные'!$A:$A,">="&EDATE(EDATE(DATE(YEAR($E$3),MONTH($E$3),1),-($E$3<EOMONTH($E$3,0))),-11),'Данные'!$A:$A,"<"&EOMONTH(EDATE(EDATE(DATE(YEAR($E$3),MONTH($E$3),1),-($E$3<EOMONTH($E$3,0))),-11),0)+1,'Данные'!$B:$B,$B$3) | E43: =SUMIFS('Данные'!$E:$E,'Данные'!$A:$A,">="&EDATE(EDATE(DATE(YEAR($E$3),MONTH($E$3),1),-($E$3<EOMONTH($E$3,0))),-11),'Данные'!$A:$A,"<"&EOMONTH(EDATE(EDATE(DATE(YEAR($E$3),MONTH($E$3),1),-($E$3<EOMONTH($E$3,0))),-11),0)+1,'Данные'!$B:$B,$B$3) | F43: =IFERROR(E43/D43,"") | G43: =IFERROR(B43/E43,"") | H43: =SUMIFS('Данные'!$F:$F,'Данные'!$A:$A,">="&EDATE(EDATE(DATE(YEAR($E$3),MONTH($E$3),1),-($E$3<EOMONTH($E$3,0))),-11),'Данные'!$A:$A,"<"&EOMONTH(EDATE(EDATE(DATE(YEAR($E$3),MONTH($E$3),1),-($E$3<EOMONTH($E$3,0))),-11),0)+1,'Данные'!$B:$B,$B$3) | I43: =IFERROR(B43/H43,"") | J43: =IFERROR(H43/E43,"")
A44: =CHOOSE(MONTH(EDATE(EDATE(DATE(YEAR($E$3),MONTH($E$3),1),-($E$3<EOMONTH($E$3,0))),-10)),"Январь","Февраль","Март","Апрель","Май","Июнь","Июль","Август","Сентябрь","Октябрь","Ноябрь","Декабрь")&" "&YEAR(EDATE(EDATE(DATE(YEAR($E$3),MONTH($E$3),1),-($E$3<EOMONTH($E$3,0))),-10)) | B44: =SUMIFS('Данные'!$C:$C,'Данные'!$A:$A,">="&EDATE(EDATE(DATE(YEAR($E$3),MONTH($E$3),1),-($E$3<EOMONTH($E$3,0))),-10),'Данные'!$A:$A,"<"&EOMONTH(EDATE(EDATE(DATE(YEAR($E$3),MONTH($E$3),1),-($E$3<EOMONTH($E$3,0))),-10),0)+1,'Данные'!$B:$B,$B$3) | C44: =B44*(100+22)/100 | D44: =SUMIFS('Данные'!$D:$D,'Данные'!$A:$A,">="&EDATE(EDATE(DATE(YEAR($E$3),MONTH($E$3),1),-($E$3<EOMONTH($E$3,0))),-10),'Данные'!$A:$A,"<"&EOMONTH(EDATE(EDATE(DATE(YEAR($E$3),MONTH($E$3),1),-($E$3<EOMONTH($E$3,0))),-10),0)+1,'Данные'!$B:$B,$B$3) | E44: =SUMIFS('Данные'!$E:$E,'Данные'!$A:$A,">="&EDATE(EDATE(DATE(YEAR($E$3),MONTH($E$3),1),-($E$3<EOMONTH($E$3,0))),-10),'Данные'!$A:$A,"<"&EOMONTH(EDATE(EDATE(DATE(YEAR($E$3),MONTH($E$3),1),-($E$3<EOMONTH($E$3,0))),-10),0)+1,'Данные'!$B:$B,$B$3) | F44: =IFERROR(E44/D44,"") | G44: =IFERROR(B44/E44,"") | H44: =SUMIFS('Данные'!$F:$F,'Данные'!$A:$A,">="&EDATE(EDATE(DATE(YEAR($E$3),MONTH($E$3),1),-($E$3<EOMONTH($E$3,0))),-10),'Данные'!$A:$A,"<"&EOMONTH(EDATE(EDATE(DATE(YEAR($E$3),MONTH($E$3),1),-($E$3<EOMONTH($E$3,0))),-10),0)+1,'Данные'!$B:$B,$B$3) | I44: =IFERROR(B44/H44,"") | J44: =IFERROR(H44/E44,"")
A45: =CHOOSE(MONTH(EDATE(EDATE(DATE(YEAR($E$3),MONTH($E$3),1),-($E$3<EOMONTH($E$3,0))),-9)),"Январь","Февраль","Март","Апрель","Май","Июнь","Июль","Август","Сентябрь","Октябрь","Ноябрь","Декабрь")&" "&YEAR(EDATE(EDATE(DATE(YEAR($E$3),MONTH($E$3),1),-($E$3<EOMONTH($E$3,0))),-9)) | B45: =SUMIFS('Данные'!$C:$C,'Данные'!$A:$A,">="&EDATE(EDATE(DATE(YEAR($E$3),MONTH($E$3),1),-($E$3<EOMONTH($E$3,0))),-9),'Данные'!$A:$A,"<"&EOMONTH(EDATE(EDATE(DATE(YEAR($E$3),MONTH($E$3),1),-($E$3<EOMONTH($E$3,0))),-9),0)+1,'Данные'!$B:$B,$B$3) | C45: =B45*(100+22)/100 | D45: =SUMIFS('Данные'!$D:$D,'Данные'!$A:$A,">="&EDATE(EDATE(DATE(YEAR($E$3),MONTH($E$3),1),-($E$3<EOMONTH($E$3,0))),-9),'Данные'!$A:$A,"<"&EOMONTH(EDATE(EDATE(DATE(YEAR($E$3),MONTH($E$3),1),-($E$3<EOMONTH($E$3,0))),-9),0)+1,'Данные'!$B:$B,$B$3) | E45: =SUMIFS('Данные'!$E:$E,'Данные'!$A:$A,">="&EDATE(EDATE(DATE(YEAR($E$3),MONTH($E$3),1),-($E$3<EOMONTH($E$3,0))),-9),'Данные'!$A:$A,"<"&EOMONTH(EDATE(EDATE(DATE(YEAR($E$3),MONTH($E$3),1),-($E$3<EOMONTH($E$3,0))),-9),0)+1,'Данные'!$B:$B,$B$3) | F45: =IFERROR(E45/D45,"") | G45: =IFERROR(B45/E45,"") | H45: =SUMIFS('Данные'!$F:$F,'Данные'!$A:$A,">="&EDATE(EDATE(DATE(YEAR($E$3),MONTH($E$3),1),-($E$3<EOMONTH($E$3,0))),-9),'Данные'!$A:$A,"<"&EOMONTH(EDATE(EDATE(DATE(YEAR($E$3),MONTH($E$3),1),-($E$3<EOMONTH($E$3,0))),-9),0)+1,'Данные'!$B:$B,$B$3) | I45: =IFERROR(B45/H45,"") | J45: =IFERROR(H45/E45,"")
A46: =CHOOSE(MONTH(EDATE(EDATE(DATE(YEAR($E$3),MONTH($E$3),1),-($E$3<EOMONTH($E$3,0))),-8)),"Январь","Февраль","Март","Апрель","Май","Июнь","Июль","Август","Сентябрь","Октябрь","Ноябрь","Декабрь")&" "&YEAR(EDATE(EDATE(DATE(YEAR($E$3),MONTH($E$3),1),-($E$3<EOMONTH($E$3,0))),-8)) | B46: =SUMIFS('Данные'!$C:$C,'Данные'!$A:$A,">="&EDATE(EDATE(DATE(YEAR($E$3),MONTH($E$3),1),-($E$3<EOMONTH($E$3,0))),-8),'Данные'!$A:$A,"<"&EOMONTH(EDATE(EDATE(DATE(YEAR($E$3),MONTH($E$3),1),-($E$3<EOMONTH($E$3,0))),-8),0)+1,'Данные'!$B:$B,$B$3) | C46: =B46*(100+22)/100 | D46: =SUMIFS('Данные'!$D:$D,'Данные'!$A:$A,">="&EDATE(EDATE(DATE(YEAR($E$3),MONTH($E$3),1),-($E$3<EOMONTH($E$3,0))),-8),'Данные'!$A:$A,"<"&EOMONTH(EDATE(EDATE(DATE(YEAR($E$3),MONTH($E$3),1),-($E$3<EOMONTH($E$3,0))),-8),0)+1,'Данные'!$B:$B,$B$3) | E46: =SUMIFS('Данные'!$E:$E,'Данные'!$A:$A,">="&EDATE(EDATE(DATE(YEAR($E$3),MONTH($E$3),1),-($E$3<EOMONTH($E$3,0))),-8),'Данные'!$A:$A,"<"&EOMONTH(EDATE(EDATE(DATE(YEAR($E$3),MONTH($E$3),1),-($E$3<EOMONTH($E$3,0))),-8),0)+1,'Данные'!$B:$B,$B$3) | F46: =IFERROR(E46/D46,"") | G46: =IFERROR(B46/E46,"") | H46: =SUMIFS('Данные'!$F:$F,'Данные'!$A:$A,">="&EDATE(EDATE(DATE(YEAR($E$3),MONTH($E$3),1),-($E$3<EOMONTH($E$3,0))),-8),'Данные'!$A:$A,"<"&EOMONTH(EDATE(EDATE(DATE(YEAR($E$3),MONTH($E$3),1),-($E$3<EOMONTH($E$3,0))),-8),0)+1,'Данные'!$B:$B,$B$3) | I46: =IFERROR(B46/H46,"") | J46: =IFERROR(H46/E46,"")
A47: =CHOOSE(MONTH(EDATE(EDATE(DATE(YEAR($E$3),MONTH($E$3),1),-($E$3<EOMONTH($E$3,0))),-7)),"Январь","Февраль","Март","Апрель","Май","Июнь","Июль","Август","Сентябрь","Октябрь","Ноябрь","Декабрь")&" "&YEAR(EDATE(EDATE(DATE(YEAR($E$3),MONTH($E$3),1),-($E$3<EOMONTH($E$3,0))),-7)) | B47: =SUMIFS('Данные'!$C:$C,'Данные'!$A:$A,">="&EDATE(EDATE(DATE(YEAR($E$3),MONTH($E$3),1),-($E$3<EOMONTH($E$3,0))),-7),'Данные'!$A:$A,"<"&EOMONTH(EDATE(EDATE(DATE(YEAR($E$3),MONTH($E$3),1),-($E$3<EOMONTH($E$3,0))),-7),0)+1,'Данные'!$B:$B,$B$3) | C47: =B47*(100+22)/100 | D47: =SUMIFS('Данные'!$D:$D,'Данные'!$A:$A,">="&EDATE(EDATE(DATE(YEAR($E$3),MONTH($E$3),1),-($E$3<EOMONTH($E$3,0))),-7),'Данные'!$A:$A,"<"&EOMONTH(EDATE(EDATE(DATE(YEAR($E$3),MONTH($E$3),1),-($E$3<EOMONTH($E$3,0))),-7),0)+1,'Данные'!$B:$B,$B$3) | E47: =SUMIFS('Данные'!$E:$E,'Данные'!$A:$A,">="&EDATE(EDATE(DATE(YEAR($E$3),MONTH($E$3),1),-($E$3<EOMONTH($E$3,0))),-7),'Данные'!$A:$A,"<"&EOMONTH(EDATE(EDATE(DATE(YEAR($E$3),MONTH($E$3),1),-($E$3<EOMONTH($E$3,0))),-7),0)+1,'Данные'!$B:$B,$B$3) | F47: =IFERROR(E47/D47,"") | G47: =IFERROR(B47/E47,"") | H47: =SUMIFS('Данные'!$F:$F,'Данные'!$A:$A,">="&EDATE(EDATE(DATE(YEAR($E$3),MONTH($E$3),1),-($E$3<EOMONTH($E$3,0))),-7),'Данные'!$A:$A,"<"&EOMONTH(EDATE(EDATE(DATE(YEAR($E$3),MONTH($E$3),1),-($E$3<EOMONTH($E$3,0))),-7),0)+1,'Данные'!$B:$B,$B$3) | I47: =IFERROR(B47/H47,"") | J47: =IFERROR(H47/E47,"")
A48: =CHOOSE(MONTH(EDATE(EDATE(DATE(YEAR($E$3),MONTH($E$3),1),-($E$3<EOMONTH($E$3,0))),-6)),"Январь","Февраль","Март","Апрель","Май","Июнь","Июль","Август","Сентябрь","Октябрь","Ноябрь","Декабрь")&" "&YEAR(EDATE(EDATE(DATE(YEAR($E$3),MONTH($E$3),1),-($E$3<EOMONTH($E$3,0))),-6)) | B48: =SUMIFS('Данные'!$C:$C,'Данные'!$A:$A,">="&EDATE(EDATE(DATE(YEAR($E$3),MONTH($E$3),1),-($E$3<EOMONTH($E$3,0))),-6),'Данные'!$A:$A,"<"&EOMONTH(EDATE(EDATE(DATE(YEAR($E$3),MONTH($E$3),1),-($E$3<EOMONTH($E$3,0))),-6),0)+1,'Данные'!$B:$B,$B$3) | C48: =B48*(100+22)/100 | D48: =SUMIFS('Данные'!$D:$D,'Данные'!$A:$A,">="&EDATE(EDATE(DATE(YEAR($E$3),MONTH($E$3),1),-($E$3<EOMONTH($E$3,0))),-6),'Данные'!$A:$A,"<"&EOMONTH(EDATE(EDATE(DATE(YEAR($E$3),MONTH($E$3),1),-($E$3<EOMONTH($E$3,0))),-6),0)+1,'Данные'!$B:$B,$B$3) | E48: =SUMIFS('Данные'!$E:$E,'Данные'!$A:$A,">="&EDATE(EDATE(DATE(YEAR($E$3),MONTH($E$3),1),-($E$3<EOMONTH($E$3,0))),-6),'Данные'!$A:$A,"<"&EOMONTH(EDATE(EDATE(DATE(YEAR($E$3),MONTH($E$3),1),-($E$3<EOMONTH($E$3,0))),-6),0)+1,'Данные'!$B:$B,$B$3) | F48: =IFERROR(E48/D48,"") | G48: =IFERROR(B48/E48,"") | H48: =SUMIFS('Данные'!$F:$F,'Данные'!$A:$A,">="&EDATE(EDATE(DATE(YEAR($E$3),MONTH($E$3),1),-($E$3<EOMONTH($E$3,0))),-6),'Данные'!$A:$A,"<"&EOMONTH(EDATE(EDATE(DATE(YEAR($E$3),MONTH($E$3),1),-($E$3<EOMONTH($E$3,0))),-6),0)+1,'Данные'!$B:$B,$B$3) | I48: =IFERROR(B48/H48,"") | J48: =IFERROR(H48/E48,"")
A49: =CHOOSE(MONTH(EDATE(EDATE(DATE(YEAR($E$3),MONTH($E$3),1),-($E$3<EOMONTH($E$3,0))),-5)),"Январь","Февраль","Март","Апрель","Май","Июнь","Июль","Август","Сентябрь","Октябрь","Ноябрь","Декабрь")&" "&YEAR(EDATE(EDATE(DATE(YEAR($E$3),MONTH($E$3),1),-($E$3<EOMONTH($E$3,0))),-5)) | B49: =SUMIFS('Данные'!$C:$C,'Данные'!$A:$A,">="&EDATE(EDATE(DATE(YEAR($E$3),MONTH($E$3),1),-($E$3<EOMONTH($E$3,0))),-5),'Данные'!$A:$A,"<"&EOMONTH(EDATE(EDATE(DATE(YEAR($E$3),MONTH($E$3),1),-($E$3<EOMONTH($E$3,0))),-5),0)+1,'Данные'!$B:$B,$B$3) | C49: =B49*(100+22)/100 | D49: =SUMIFS('Данные'!$D:$D,'Данные'!$A:$A,">="&EDATE(EDATE(DATE(YEAR($E$3),MONTH($E$3),1),-($E$3<EOMONTH($E$3,0))),-5),'Данные'!$A:$A,"<"&EOMONTH(EDATE(EDATE(DATE(YEAR($E$3),MONTH($E$3),1),-($E$3<EOMONTH($E$3,0))),-5),0)+1,'Данные'!$B:$B,$B$3) | E49: =SUMIFS('Данные'!$E:$E,'Данные'!$A:$A,">="&EDATE(EDATE(DATE(YEAR($E$3),MONTH($E$3),1),-($E$3<EOMONTH($E$3,0))),-5),'Данные'!$A:$A,"<"&EOMONTH(EDATE(EDATE(DATE(YEAR($E$3),MONTH($E$3),1),-($E$3<EOMONTH($E$3,0))),-5),0)+1,'Данные'!$B:$B,$B$3) | F49: =IFERROR(E49/D49,"") | G49: =IFERROR(B49/E49,"") | H49: =SUMIFS('Данные'!$F:$F,'Данные'!$A:$A,">="&EDATE(EDATE(DATE(YEAR($E$3),MONTH($E$3),1),-($E$3<EOMONTH($E$3,0))),-5),'Данные'!$A:$A,"<"&EOMONTH(EDATE(EDATE(DATE(YEAR($E$3),MONTH($E$3),1),-($E$3<EOMONTH($E$3,0))),-5),0)+1,'Данные'!$B:$B,$B$3) | I49: =IFERROR(B49/H49,"") | J49: =IFERROR(H49/E49,"")
A50: =CHOOSE(MONTH(EDATE(EDATE(DATE(YEAR($E$3),MONTH($E$3),1),-($E$3<EOMONTH($E$3,0))),-4)),"Январь","Февраль","Март","Апрель","Май","Июнь","Июль","Август","Сентябрь","Октябрь","Ноябрь","Декабрь")&" "&YEAR(EDATE(EDATE(DATE(YEAR($E$3),MONTH($E$3),1),-($E$3<EOMONTH($E$3,0))),-4)) | B50: =SUMIFS('Данные'!$C:$C,'Данные'!$A:$A,">="&EDATE(EDATE(DATE(YEAR($E$3),MONTH($E$3),1),-($E$3<EOMONTH($E$3,0))),-4),'Данные'!$A:$A,"<"&EOMONTH(EDATE(EDATE(DATE(YEAR($E$3),MONTH($E$3),1),-($E$3<EOMONTH($E$3,0))),-4),0)+1,'Данные'!$B:$B,$B$3) | C50: =B50*(100+22)/100 | D50: =SUMIFS('Данные'!$D:$D,'Данные'!$A:$A,">="&EDATE(EDATE(DATE(YEAR($E$3),MONTH($E$3),1),-($E$3<EOMONTH($E$3,0))),-4),'Данные'!$A:$A,"<"&EOMONTH(EDATE(EDATE(DATE(YEAR($E$3),MONTH($E$3),1),-($E$3<EOMONTH($E$3,0))),-4),0)+1,'Данные'!$B:$B,$B$3) | E50: =SUMIFS('Данные'!$E:$E,'Данные'!$A:$A,">="&EDATE(EDATE(DATE(YEAR($E$3),MONTH($E$3),1),-($E$3<EOMONTH($E$3,0))),-4),'Данные'!$A:$A,"<"&EOMONTH(EDATE(EDATE(DATE(YEAR($E$3),MONTH($E$3),1),-($E$3<EOMONTH($E$3,0))),-4),0)+1,'Данные'!$B:$B,$B$3) | F50: =IFERROR(E50/D50,"") | G50: =IFERROR(B50/E50,"") | H50: =SUMIFS('Данные'!$F:$F,'Данные'!$A:$A,">="&EDATE(EDATE(DATE(YEAR($E$3),MONTH($E$3),1),-($E$3<EOMONTH($E$3,0))),-4),'Данные'!$A:$A,"<"&EOMONTH(EDATE(EDATE(DATE(YEAR($E$3),MONTH($E$3),1),-($E$3<EOMONTH($E$3,0))),-4),0)+1,'Данные'!$B:$B,$B$3) | I50: =IFERROR(B50/H50,"") | J50: =IFERROR(H50/E50,"")
A51: =CHOOSE(MONTH(EDATE(EDATE(DATE(YEAR($E$3),MONTH($E$3),1),-($E$3<EOMONTH($E$3,0))),-3)),"Январь","Февраль","Март","Апрель","Май","Июнь","Июль","Август","Сентябрь","Октябрь","Ноябрь","Декабрь")&" "&YEAR(EDATE(EDATE(DATE(YEAR($E$3),MONTH($E$3),1),-($E$3<EOMONTH($E$3,0))),-3)) | B51: =SUMIFS('Данные'!$C:$C,'Данные'!$A:$A,">="&EDATE(EDATE(DATE(YEAR($E$3),MONTH($E$3),1),-($E$3<EOMONTH($E$3,0))),-3),'Данные'!$A:$A,"<"&EOMONTH(EDATE(EDATE(DATE(YEAR($E$3),MONTH($E$3),1),-($E$3<EOMONTH($E$3,0))),-3),0)+1,'Данные'!$B:$B,$B$3) | C51: =B51*(100+22)/100 | D51: =SUMIFS('Данные'!$D:$D,'Данные'!$A:$A,">="&EDATE(EDATE(DATE(YEAR($E$3),MONTH($E$3),1),-($E$3<EOMONTH($E$3,0))),-3),'Данные'!$A:$A,"<"&EOMONTH(EDATE(EDATE(DATE(YEAR($E$3),MONTH($E$3),1),-($E$3<EOMONTH($E$3,0))),-3),0)+1,'Данные'!$B:$B,$B$3) | E51: =SUMIFS('Данные'!$E:$E,'Данные'!$A:$A,">="&EDATE(EDATE(DATE(YEAR($E$3),MONTH($E$3),1),-($E$3<EOMONTH($E$3,0))),-3),'Данные'!$A:$A,"<"&EOMONTH(EDATE(EDATE(DATE(YEAR($E$3),MONTH($E$3),1),-($E$3<EOMONTH($E$3,0))),-3),0)+1,'Данные'!$B:$B,$B$3) | F51: =IFERROR(E51/D51,"") | G51: =IFERROR(B51/E51,"") | H51: =SUMIFS('Данные'!$F:$F,'Данные'!$A:$A,">="&EDATE(EDATE(DATE(YEAR($E$3),MONTH($E$3),1),-($E$3<EOMONTH($E$3,0))),-3),'Данные'!$A:$A,"<"&EOMONTH(EDATE(EDATE(DATE(YEAR($E$3),MONTH($E$3),1),-($E$3<EOMONTH($E$3,0))),-3),0)+1,'Данные'!$B:$B,$B$3) | I51: =IFERROR(B51/H51,"") | J51: =IFERROR(H51/E51,"")
A52: =CHOOSE(MONTH(EDATE(EDATE(DATE(YEAR($E$3),MONTH($E$3),1),-($E$3<EOMONTH($E$3,0))),-2)),"Январь","Февраль","Март","Апрель","Май","Июнь","Июль","Август","Сентябрь","Октябрь","Ноябрь","Декабрь")&" "&YEAR(EDATE(EDATE(DATE(YEAR($E$3),MONTH($E$3),1),-($E$3<EOMONTH($E$3,0))),-2)) | B52: =SUMIFS('Данные'!$C:$C,'Данные'!$A:$A,">="&EDATE(EDATE(DATE(YEAR($E$3),MONTH($E$3),1),-($E$3<EOMONTH($E$3,0))),-2),'Данные'!$A:$A,"<"&EOMONTH(EDATE(EDATE(DATE(YEAR($E$3),MONTH($E$3),1),-($E$3<EOMONTH($E$3,0))),-2),0)+1,'Данные'!$B:$B,$B$3) | C52: =B52*(100+22)/100 | D52: =SUMIFS('Данные'!$D:$D,'Данные'!$A:$A,">="&EDATE(EDATE(DATE(YEAR($E$3),MONTH($E$3),1),-($E$3<EOMONTH($E$3,0))),-2),'Данные'!$A:$A,"<"&EOMONTH(EDATE(EDATE(DATE(YEAR($E$3),MONTH($E$3),1),-($E$3<EOMONTH($E$3,0))),-2),0)+1,'Данные'!$B:$B,$B$3) | E52: =SUMIFS('Данные'!$E:$E,'Данные'!$A:$A,">="&EDATE(EDATE(DATE(YEAR($E$3),MONTH($E$3),1),-($E$3<EOMONTH($E$3,0))),-2),'Данные'!$A:$A,"<"&EOMONTH(EDATE(EDATE(DATE(YEAR($E$3),MONTH($E$3),1),-($E$3<EOMONTH($E$3,0))),-2),0)+1,'Данные'!$B:$B,$B$3) | F52: =IFERROR(E52/D52,"") | G52: =IFERROR(B52/E52,"") | H52: =SUMIFS('Данные'!$F:$F,'Данные'!$A:$A,">="&EDATE(EDATE(DATE(YEAR($E$3),MONTH($E$3),1),-($E$3<EOMONTH($E$3,0))),-2),'Данные'!$A:$A,"<"&EOMONTH(EDATE(EDATE(DATE(YEAR($E$3),MONTH($E$3),1),-($E$3<EOMONTH($E$3,0))),-2),0)+1,'Данные'!$B:$B,$B$3) | I52: =IFERROR(B52/H52,"") | J52: =IFERROR(H52/E52,"")
A53: =CHOOSE(MONTH(EDATE(EDATE(DATE(YEAR($E$3),MONTH($E$3),1),-($E$3<EOMONTH($E$3,0))),-1)),"Январь","Февраль","Март","Апрель","Май","Июнь","Июль","Август","Сентябрь","Октябрь","Ноябрь","Декабрь")&" "&YEAR(EDATE(EDATE(DATE(YEAR($E$3),MONTH($E$3),1),-($E$3<EOMONTH($E$3,0))),-1)) | B53: =SUMIFS('Данные'!$C:$C,'Данные'!$A:$A,">="&EDATE(EDATE(DATE(YEAR($E$3),MONTH($E$3),1),-($E$3<EOMONTH($E$3,0))),-1),'Данные'!$A:$A,"<"&EOMONTH(EDATE(EDATE(DATE(YEAR($E$3),MONTH($E$3),1),-($E$3<EOMONTH($E$3,0))),-1),0)+1,'Данные'!$B:$B,$B$3) | C53: =B53*(100+22)/100 | D53: =SUMIFS('Данные'!$D:$D,'Данные'!$A:$A,">="&EDATE(EDATE(DATE(YEAR($E$3),MONTH($E$3),1),-($E$3<EOMONTH($E$3,0))),-1),'Данные'!$A:$A,"<"&EOMONTH(EDATE(EDATE(DATE(YEAR($E$3),MONTH($E$3),1),-($E$3<EOMONTH($E$3,0))),-1),0)+1,'Данные'!$B:$B,$B$3) | E53: =SUMIFS('Данные'!$E:$E,'Данные'!$A:$A,">="&EDATE(EDATE(DATE(YEAR($E$3),MONTH($E$3),1),-($E$3<EOMONTH($E$3,0))),-1),'Данные'!$A:$A,"<"&EOMONTH(EDATE(EDATE(DATE(YEAR($E$3),MONTH($E$3),1),-($E$3<EOMONTH($E$3,0))),-1),0)+1,'Данные'!$B:$B,$B$3) | F53: =IFERROR(E53/D53,"") | G53: =IFERROR(B53/E53,"") | H53: =SUMIFS('Данные'!$F:$F,'Данные'!$A:$A,">="&EDATE(EDATE(DATE(YEAR($E$3),MONTH($E$3),1),-($E$3<EOMONTH($E$3,0))),-1),'Данные'!$A:$A,"<"&EOMONTH(EDATE(EDATE(DATE(YEAR($E$3),MONTH($E$3),1),-($E$3<EOMONTH($E$3,0))),-1),0)+1,'Данные'!$B:$B,$B$3) | I53: =IFERROR(B53/H53,"") | J53: =IFERROR(H53/E53,"")
A54: =CHOOSE(MONTH(EDATE(EDATE(DATE(YEAR($E$3),MONTH($E$3),1),-($E$3<EOMONTH($E$3,0))),0)),"Январь","Февраль","Март","Апрель","Май","Июнь","Июль","Август","Сентябрь","Октябрь","Ноябрь","Декабрь")&" "&YEAR(EDATE(EDATE(DATE(YEAR($E$3),MONTH($E$3),1),-($E$3<EOMONTH($E$3,0))),0)) | B54: =SUMIFS('Данные'!$C:$C,'Данные'!$A:$A,">="&EDATE(EDATE(DATE(YEAR($E$3),MONTH($E$3),1),-($E$3<EOMONTH($E$3,0))),0),'Данные'!$A:$A,"<"&EOMONTH(EDATE(EDATE(DATE(YEAR($E$3),MONTH($E$3),1),-($E$3<EOMONTH($E$3,0))),0),0)+1,'Данные'!$B:$B,$B$3) | C54: =B54*(100+22)/100 | D54: =SUMIFS('Данные'!$D:$D,'Данные'!$A:$A,">="&EDATE(EDATE(DATE(YEAR($E$3),MONTH($E$3),1),-($E$3<EOMONTH($E$3,0))),0),'Данные'!$A:$A,"<"&EOMONTH(EDATE(EDATE(DATE(YEAR($E$3),MONTH($E$3),1),-($E$3<EOMONTH($E$3,0))),0),0)+1,'Данные'!$B:$B,$B$3) | E54: =SUMIFS('Данные'!$E:$E,'Данные'!$A:$A,">="&EDATE(EDATE(DATE(YEAR($E$3),MONTH($E$3),1),-($E$3<EOMONTH($E$3,0))),0),'Данные'!$A:$A,"<"&EOMONTH(EDATE(EDATE(DATE(YEAR($E$3),MONTH($E$3),1),-($E$3<EOMONTH($E$3,0))),0),0)+1,'Данные'!$B:$B,$B$3) | F54: =IFERROR(E54/D54,"") | G54: =IFERROR(B54/E54,"") | H54: =SUMIFS('Данные'!$F:$F,'Данные'!$A:$A,">="&EDATE(EDATE(DATE(YEAR($E$3),MONTH($E$3),1),-($E$3<EOMONTH($E$3,0))),0),'Данные'!$A:$A,"<"&EOMONTH(EDATE(EDATE(DATE(YEAR($E$3),MONTH($E$3),1),-($E$3<EOMONTH($E$3,0))),0),0)+1,'Данные'!$B:$B,$B$3) | I54: =IFERROR(B54/H54,"") | J54: =IFERROR(H54/E54,"")
A55: Разница с прошлым месяцем | B55: =IFERROR(B54/B53-1,"") | C55: =IFERROR(C54/C53-1,"") | D55: =IFERROR(D54/D53-1,"") | E55: =IFERROR(E54/E53-1,"") | F55: =IFERROR(F54/F53-1,"") | G55: =IFERROR(G54/G53-1,"") | H55: =IFERROR(H54/H53-1,"") | I55: =IFERROR(I54/I53-1,"") | J55: =IFERROR(J54/J53-1,"")
A57: ="📆 По дням: "&TEXT($K$7,"DD.MM.YYYY")&" — "&TEXT($L$7,"DD.MM.YYYY")
A58: День | B58: Расход | C58: Расход с НДС | D58: Показы | E58: Клики | F58: CTR | G58: CPC | H58: Подписки | I58: Цена подписки | J58: CR в подписку
A59: =IF(($K$7+0)>$L$7,"",TEXT(($K$7+0),"DD.MM")&" "&CHOOSE(WEEKDAY(($K$7+0),2),"пн","вт","ср","чт","пт","сб","вс")) | B59: =IF(($K$7+0)>$L$7,"",SUMIFS('Данные'!$C:$C,'Данные'!$A:$A,">="&($K$7+0),'Данные'!$A:$A,"<"&($K$7+0)+1,'Данные'!$B:$B,$B$3)) | C59: =IF(($K$7+0)>$L$7,"",B59*(100+22)/100) | D59: =IF(($K$7+0)>$L$7,"",SUMIFS('Данные'!$D:$D,'Данные'!$A:$A,">="&($K$7+0),'Данные'!$A:$A,"<"&($K$7+0)+1,'Данные'!$B:$B,$B$3)) | E59: =IF(($K$7+0)>$L$7,"",SUMIFS('Данные'!$E:$E,'Данные'!$A:$A,">="&($K$7+0),'Данные'!$A:$A,"<"&($K$7+0)+1,'Данные'!$B:$B,$B$3)) | F59: =IF(($K$7+0)>$L$7,"",IFERROR(E59/D59,"")) | G59: =IF(($K$7+0)>$L$7,"",IFERROR(B59/E59,"")) | H59: =IF(($K$7+0)>$L$7,"",SUMIFS('Данные'!$F:$F,'Данные'!$A:$A,">="&($K$7+0),'Данные'!$A:$A,"<"&($K$7+0)+1,'Данные'!$B:$B,$B$3)) | I59: =IF(($K$7+0)>$L$7,"",IFERROR(B59/H59,"")) | J59: =IF(($K$7+0)>$L$7,"",IFERROR(H59/E59,""))
A60: =IF(($K$7+1)>$L$7,"",TEXT(($K$7+1),"DD.MM")&" "&CHOOSE(WEEKDAY(($K$7+1),2),"пн","вт","ср","чт","пт","сб","вс")) | B60: =IF(($K$7+1)>$L$7,"",SUMIFS('Данные'!$C:$C,'Данные'!$A:$A,">="&($K$7+1),'Данные'!$A:$A,"<"&($K$7+1)+1,'Данные'!$B:$B,$B$3)) | C60: =IF(($K$7+1)>$L$7,"",B60*(100+22)/100) | D60: =IF(($K$7+1)>$L$7,"",SUMIFS('Данные'!$D:$D,'Данные'!$A:$A,">="&($K$7+1),'Данные'!$A:$A,"<"&($K$7+1)+1,'Данные'!$B:$B,$B$3)) | E60: =IF(($K$7+1)>$L$7,"",SUMIFS('Данные'!$E:$E,'Данные'!$A:$A,">="&($K$7+1),'Данные'!$A:$A,"<"&($K$7+1)+1,'Данные'!$B:$B,$B$3)) | F60: =IF(($K$7+1)>$L$7,"",IFERROR(E60/D60,"")) | G60: =IF(($K$7+1)>$L$7,"",IFERROR(B60/E60,"")) | H60: =IF(($K$7+1)>$L$7,"",SUMIFS('Данные'!$F:$F,'Данные'!$A:$A,">="&($K$7+1),'Данные'!$A:$A,"<"&($K$7+1)+1,'Данные'!$B:$B,$B$3)) | I60: =IF(($K$7+1)>$L$7,"",IFERROR(B60/H60,"")) | J60: =IF(($K$7+1)>$L$7,"",IFERROR(H60/E60,""))
A61: =IF(($K$7+2)>$L$7,"",TEXT(($K$7+2),"DD.MM")&" "&CHOOSE(WEEKDAY(($K$7+2),2),"пн","вт","ср","чт","пт","сб","вс")) | B61: =IF(($K$7+2)>$L$7,"",SUMIFS('Данные'!$C:$C,'Данные'!$A:$A,">="&($K$7+2),'Данные'!$A:$A,"<"&($K$7+2)+1,'Данные'!$B:$B,$B$3)) | C61: =IF(($K$7+2)>$L$7,"",B61*(100+22)/100) | D61: =IF(($K$7+2)>$L$7,"",SUMIFS('Данные'!$D:$D,'Данные'!$A:$A,">="&($K$7+2),'Данные'!$A:$A,"<"&($K$7+2)+1,'Данные'!$B:$B,$B$3)) | E61: =IF(($K$7+2)>$L$7,"",SUMIFS('Данные'!$E:$E,'Данные'!$A:$A,">="&($K$7+2),'Данные'!$A:$A,"<"&($K$7+2)+1,'Данные'!$B:$B,$B$3)) | F61: =IF(($K$7+2)>$L$7,"",IFERROR(E61/D61,"")) | G61: =IF(($K$7+2)>$L$7,"",IFERROR(B61/E61,"")) | H61: =IF(($K$7+2)>$L$7,"",SUMIFS('Данные'!$F:$F,'Данные'!$A:$A,">="&($K$7+2),'Данные'!$A:$A,"<"&($K$7+2)+1,'Данные'!$B:$B,$B$3)) | I61: =IF(($K$7+2)>$L$7,"",IFERROR(B61/H61,"")) | J61: =IF(($K$7+2)>$L$7,"",IFERROR(H61/E61,""))
A62: =IF(($K$7+3)>$L$7,"",TEXT(($K$7+3),"DD.MM")&" "&CHOOSE(WEEKDAY(($K$7+3),2),"пн","вт","ср","чт","пт","сб","вс")) | B62: =IF(($K$7+3)>$L$7,"",SUMIFS('Данные'!$C:$C,'Данные'!$A:$A,">="&($K$7+3),'Данные'!$A:$A,"<"&($K$7+3)+1,'Данные'!$B:$B,$B$3)) | C62: =IF(($K$7+3)>$L$7,"",B62*(100+22)/100) | D62: =IF(($K$7+3)>$L$7,"",SUMIFS('Данные'!$D:$D,'Данные'!$A:$A,">="&($K$7+3),'Данные'!$A:$A,"<"&($K$7+3)+1,'Данные'!$B:$B,$B$3)) | E62: =IF(($K$7+3)>$L$7,"",SUMIFS('Данные'!$E:$E,'Данные'!$A:$A,">="&($K$7+3),'Данные'!$A:$A,"<"&($K$7+3)+1,'Данные'!$B:$B,$B$3)) | F62: =IF(($K$7+3)>$L$7,"",IFERROR(E62/D62,"")) | G62: =IF(($K$7+3)>$L$7,"",IFERROR(B62/E62,"")) | H62: =IF(($K$7+3)>$L$7,"",SUMIFS('Данные'!$F:$F,'Данные'!$A:$A,">="&($K$7+3),'Данные'!$A:$A,"<"&($K$7+3)+1,'Данные'!$B:$B,$B$3)) | I62: =IF(($K$7+3)>$L$7,"",IFERROR(B62/H62,"")) | J62: =IF(($K$7+3)>$L$7,"",IFERROR(H62/E62,""))
A63: =IF(($K$7+4)>$L$7,"",TEXT(($K$7+4),"DD.MM")&" "&CHOOSE(WEEKDAY(($K$7+4),2),"пн","вт","ср","чт","пт","сб","вс")) | B63: =IF(($K$7+4)>$L$7,"",SUMIFS('Данные'!$C:$C,'Данные'!$A:$A,">="&($K$7+4),'Данные'!$A:$A,"<"&($K$7+4)+1,'Данные'!$B:$B,$B$3)) | C63: =IF(($K$7+4)>$L$7,"",B63*(100+22)/100) | D63: =IF(($K$7+4)>$L$7,"",SUMIFS('Данные'!$D:$D,'Данные'!$A:$A,">="&($K$7+4),'Данные'!$A:$A,"<"&($K$7+4)+1,'Данные'!$B:$B,$B$3)) | E63: =IF(($K$7+4)>$L$7,"",SUMIFS('Данные'!$E:$E,'Данные'!$A:$A,">="&($K$7+4),'Данные'!$A:$A,"<"&($K$7+4)+1,'Данные'!$B:$B,$B$3)) | F63: =IF(($K$7+4)>$L$7,"",IFERROR(E63/D63,"")) | G63: =IF(($K$7+4)>$L$7,"",IFERROR(B63/E63,"")) | H63: =IF(($K$7+4)>$L$7,"",SUMIFS('Данные'!$F:$F,'Данные'!$A:$A,">="&($K$7+4),'Данные'!$A:$A,"<"&($K$7+4)+1,'Данные'!$B:$B,$B$3)) | I63: =IF(($K$7+4)>$L$7,"",IFERROR(B63/H63,"")) | J63: =IF(($K$7+4)>$L$7,"",IFERROR(H63/E63,""))
A64: =IF(($K$7+5)>$L$7,"",TEXT(($K$7+5),"DD.MM")&" "&CHOOSE(WEEKDAY(($K$7+5),2),"пн","вт","ср","чт","пт","сб","вс")) | B64: =IF(($K$7+5)>$L$7,"",SUMIFS('Данные'!$C:$C,'Данные'!$A:$A,">="&($K$7+5),'Данные'!$A:$A,"<"&($K$7+5)+1,'Данные'!$B:$B,$B$3)) | C64: =IF(($K$7+5)>$L$7,"",B64*(100+22)/100) | D64: =IF(($K$7+5)>$L$7,"",SUMIFS('Данные'!$D:$D,'Данные'!$A:$A,">="&($K$7+5),'Данные'!$A:$A,"<"&($K$7+5)+1,'Данные'!$B:$B,$B$3)) | E64: =IF(($K$7+5)>$L$7,"",SUMIFS('Данные'!$E:$E,'Данные'!$A:$A,">="&($K$7+5),'Данные'!$A:$A,"<"&($K$7+5)+1,'Данные'!$B:$B,$B$3)) | F64: =IF(($K$7+5)>$L$7,"",IFERROR(E64/D64,"")) | G64: =IF(($K$7+5)>$L$7,"",IFERROR(B64/E64,"")) | H64: =IF(($K$7+5)>$L$7,"",SUMIFS('Данные'!$F:$F,'Данные'!$A:$A,">="&($K$7+5),'Данные'!$A:$A,"<"&($K$7+5)+1,'Данные'!$B:$B,$B$3)) | I64: =IF(($K$7+5)>$L$7,"",IFERROR(B64/H64,"")) | J64: =IF(($K$7+5)>$L$7,"",IFERROR(H64/E64,""))
A65: =IF(($K$7+6)>$L$7,"",TEXT(($K$7+6),"DD.MM")&" "&CHOOSE(WEEKDAY(($K$7+6),2),"пн","вт","ср","чт","пт","сб","вс")) | B65: =IF(($K$7+6)>$L$7,"",SUMIFS('Данные'!$C:$C,'Данные'!$A:$A,">="&($K$7+6),'Данные'!$A:$A,"<"&($K$7+6)+1,'Данные'!$B:$B,$B$3)) | C65: =IF(($K$7+6)>$L$7,"",B65*(100+22)/100) | D65: =IF(($K$7+6)>$L$7,"",SUMIFS('Данные'!$D:$D,'Данные'!$A:$A,">="&($K$7+6),'Данные'!$A:$A,"<"&($K$7+6)+1,'Данные'!$B:$B,$B$3)) | E65: =IF(($K$7+6)>$L$7,"",SUMIFS('Данные'!$E:$E,'Данные'!$A:$A,">="&($K$7+6),'Данные'!$A:$A,"<"&($K$7+6)+1,'Данные'!$B:$B,$B$3)) | F65: =IF(($K$7+6)>$L$7,"",IFERROR(E65/D65,"")) | G65: =IF(($K$7+6)>$L$7,"",IFERROR(B65/E65,"")) | H65: =IF(($K$7+6)>$L$7,"",SUMIFS('Данные'!$F:$F,'Данные'!$A:$A,">="&($K$7+6),'Данные'!$A:$A,"<"&($K$7+6)+1,'Данные'!$B:$B,$B$3)) | I65: =IF(($K$7+6)>$L$7,"",IFERROR(B65/H65,"")) | J65: =IF(($K$7+6)>$L$7,"",IFERROR(H65/E65,""))
A66: =IF(($K$7+7)>$L$7,"",TEXT(($K$7+7),"DD.MM")&" "&CHOOSE(WEEKDAY(($K$7+7),2),"пн","вт","ср","чт","пт","сб","вс")) | B66: =IF(($K$7+7)>$L$7,"",SUMIFS('Данные'!$C:$C,'Данные'!$A:$A,">="&($K$7+7),'Данные'!$A:$A,"<"&($K$7+7)+1,'Данные'!$B:$B,$B$3)) | C66: =IF(($K$7+7)>$L$7,"",B66*(100+22)/100) | D66: =IF(($K$7+7)>$L$7,"",SUMIFS('Данные'!$D:$D,'Данные'!$A:$A,">="&($K$7+7),'Данные'!$A:$A,"<"&($K$7+7)+1,'Данные'!$B:$B,$B$3)) | E66: =IF(($K$7+7)>$L$7,"",SUMIFS('Данные'!$E:$E,'Данные'!$A:$A,">="&($K$7+7),'Данные'!$A:$A,"<"&($K$7+7)+1,'Данные'!$B:$B,$B$3)) | F66: =IF(($K$7+7)>$L$7,"",IFERROR(E66/D66,"")) | G66: =IF(($K$7+7)>$L$7,"",IFERROR(B66/E66,"")) | H66: =IF(($K$7+7)>$L$7,"",SUMIFS('Данные'!$F:$F,'Данные'!$A:$A,">="&($K$7+7),'Данные'!$A:$A,"<"&($K$7+7)+1,'Данные'!$B:$B,$B$3)) | I66: =IF(($K$7+7)>$L$7,"",IFERROR(B66/H66,"")) | J66: =IF(($K$7+7)>$L$7,"",IFERROR(H66/E66,""))
A67: =IF(($K$7+8)>$L$7,"",TEXT(($K$7+8),"DD.MM")&" "&CHOOSE(WEEKDAY(($K$7+8),2),"пн","вт","ср","чт","пт","сб","вс")) | B67: =IF(($K$7+8)>$L$7,"",SUMIFS('Данные'!$C:$C,'Данные'!$A:$A,">="&($K$7+8),'Данные'!$A:$A,"<"&($K$7+8)+1,'Данные'!$B:$B,$B$3)) | C67: =IF(($K$7+8)>$L$7,"",B67*(100+22)/100) | D67: =IF(($K$7+8)>$L$7,"",SUMIFS('Данные'!$D:$D,'Данные'!$A:$A,">="&($K$7+8),'Данные'!$A:$A,"<"&($K$7+8)+1,'Данные'!$B:$B,$B$3)) | E67: =IF(($K$7+8)>$L$7,"",SUMIFS('Данные'!$E:$E,'Данные'!$A:$A,">="&($K$7+8),'Данные'!$A:$A,"<"&($K$7+8)+1,'Данные'!$B:$B,$B$3)) | F67: =IF(($K$7+8)>$L$7,"",IFERROR(E67/D67,"")) | G67: =IF(($K$7+8)>$L$7,"",IFERROR(B67/E67,"")) | H67: =IF(($K$7+8)>$L$7,"",SUMIFS('Данные'!$F:$F,'Данные'!$A:$A,">="&($K$7+8),'Данные'!$A:$A,"<"&($K$7+8)+1,'Данные'!$B:$B,$B$3)) | I67: =IF(($K$7+8)>$L$7,"",IFERROR(B67/H67,"")) | J67: =IF(($K$7+8)>$L$7,"",IFERROR(H67/E67,""))
A68: =IF(($K$7+9)>$L$7,"",TEXT(($K$7+9),"DD.MM")&" "&CHOOSE(WEEKDAY(($K$7+9),2),"пн","вт","ср","чт","пт","сб","вс")) | B68: =IF(($K$7+9)>$L$7,"",SUMIFS('Данные'!$C:$C,'Данные'!$A:$A,">="&($K$7+9),'Данные'!$A:$A,"<"&($K$7+9)+1,'Данные'!$B:$B,$B$3)) | C68: =IF(($K$7+9)>$L$7,"",B68*(100+22)/100) | D68: =IF(($K$7+9)>$L$7,"",SUMIFS('Данные'!$D:$D,'Данные'!$A:$A,">="&($K$7+9),'Данные'!$A:$A,"<"&($K$7+9)+1,'Данные'!$B:$B,$B$3)) | E68: =IF(($K$7+9)>$L$7,"",SUMIFS('Данные'!$E:$E,'Данные'!$A:$A,">="&($K$7+9),'Данные'!$A:$A,"<"&($K$7+9)+1,'Данные'!$B:$B,$B$3)) | F68: =IF(($K$7+9)>$L$7,"",IFERROR(E68/D68,"")) | G68: =IF(($K$7+9)>$L$7,"",IFERROR(B68/E68,"")) | H68: =IF(($K$7+9)>$L$7,"",SUMIFS('Данные'!$F:$F,'Данные'!$A:$A,">="&($K$7+9),'Данные'!$A:$A,"<"&($K$7+9)+1,'Данные'!$B:$B,$B$3)) | I68: =IF(($K$7+9)>$L$7,"",IFERROR(B68/H68,"")) | J68: =IF(($K$7+9)>$L$7,"",IFERROR(H68/E68,""))
A69: =IF(($K$7+10)>$L$7,"",TEXT(($K$7+10),"DD.MM")&" "&CHOOSE(WEEKDAY(($K$7+10),2),"пн","вт","ср","чт","пт","сб","вс")) | B69: =IF(($K$7+10)>$L$7,"",SUMIFS('Данные'!$C:$C,'Данные'!$A:$A,">="&($K$7+10),'Данные'!$A:$A,"<"&($K$7+10)+1,'Данные'!$B:$B,$B$3)) | C69: =IF(($K$7+10)>$L$7,"",B69*(100+22)/100) | D69: =IF(($K$7+10)>$L$7,"",SUMIFS('Данные'!$D:$D,'Данные'!$A:$A,">="&($K$7+10),'Данные'!$A:$A,"<"&($K$7+10)+1,'Данные'!$B:$B,$B$3)) | E69: =IF(($K$7+10)>$L$7,"",SUMIFS('Данные'!$E:$E,'Данные'!$A:$A,">="&($K$7+10),'Данные'!$A:$A,"<"&($K$7+10)+1,'Данные'!$B:$B,$B$3)) | F69: =IF(($K$7+10)>$L$7,"",IFERROR(E69/D69,"")) | G69: =IF(($K$7+10)>$L$7,"",IFERROR(B69/E69,"")) | H69: =IF(($K$7+10)>$L$7,"",SUMIFS('Данные'!$F:$F,'Данные'!$A:$A,">="&($K$7+10),'Данные'!$A:$A,"<"&($K$7+10)+1,'Данные'!$B:$B,$B$3)) | I69: =IF(($K$7+10)>$L$7,"",IFERROR(B69/H69,"")) | J69: =IF(($K$7+10)>$L$7,"",IFERROR(H69/E69,""))
A70: =IF(($K$7+11)>$L$7,"",TEXT(($K$7+11),"DD.MM")&" "&CHOOSE(WEEKDAY(($K$7+11),2),"пн","вт","ср","чт","пт","сб","вс")) | B70: =IF(($K$7+11)>$L$7,"",SUMIFS('Данные'!$C:$C,'Данные'!$A:$A,">="&($K$7+11),'Данные'!$A:$A,"<"&($K$7+11)+1,'Данные'!$B:$B,$B$3)) | C70: =IF(($K$7+11)>$L$7,"",B70*(100+22)/100) | D70: =IF(($K$7+11)>$L$7,"",SUMIFS('Данные'!$D:$D,'Данные'!$A:$A,">="&($K$7+11),'Данные'!$A:$A,"<"&($K$7+11)+1,'Данные'!$B:$B,$B$3)) | E70: =IF(($K$7+11)>$L$7,"",SUMIFS('Данные'!$E:$E,'Данные'!$A:$A,">="&($K$7+11),'Данные'!$A:$A,"<"&($K$7+11)+1,'Данные'!$B:$B,$B$3)) | F70: =IF(($K$7+11)>$L$7,"",IFERROR(E70/D70,"")) | G70: =IF(($K$7+11)>$L$7,"",IFERROR(B70/E70,"")) | H70: =IF(($K$7+11)>$L$7,"",SUMIFS('Данные'!$F:$F,'Данные'!$A:$A,">="&($K$7+11),'Данные'!$A:$A,"<"&($K$7+11)+1,'Данные'!$B:$B,$B$3)) | I70: =IF(($K$7+11)>$L$7,"",IFERROR(B70/H70,"")) | J70: =IF(($K$7+11)>$L$7,"",IFERROR(H70/E70,""))
A71: =IF(($K$7+12)>$L$7,"",TEXT(($K$7+12),"DD.MM")&" "&CHOOSE(WEEKDAY(($K$7+12),2),"пн","вт","ср","чт","пт","сб","вс")) | B71: =IF(($K$7+12)>$L$7,"",SUMIFS('Данные'!$C:$C,'Данные'!$A:$A,">="&($K$7+12),'Данные'!$A:$A,"<"&($K$7+12)+1,'Данные'!$B:$B,$B$3)) | C71: =IF(($K$7+12)>$L$7,"",B71*(100+22)/100) | D71: =IF(($K$7+12)>$L$7,"",SUMIFS('Данные'!$D:$D,'Данные'!$A:$A,">="&($K$7+12),'Данные'!$A:$A,"<"&($K$7+12)+1,'Данные'!$B:$B,$B$3)) | E71: =IF(($K$7+12)>$L$7,"",SUMIFS('Данные'!$E:$E,'Данные'!$A:$A,">="&($K$7+12),'Данные'!$A:$A,"<"&($K$7+12)+1,'Данные'!$B:$B,$B$3)) | F71: =IF(($K$7+12)>$L$7,"",IFERROR(E71/D71,"")) | G71: =IF(($K$7+12)>$L$7,"",IFERROR(B71/E71,"")) | H71: =IF(($K$7+12)>$L$7,"",SUMIFS('Данные'!$F:$F,'Данные'!$A:$A,">="&($K$7+12),'Данные'!$A:$A,"<"&($K$7+12)+1,'Данные'!$B:$B,$B$3)) | I71: =IF(($K$7+12)>$L$7,"",IFERROR(B71/H71,"")) | J71: =IF(($K$7+12)>$L$7,"",IFERROR(H71/E71,""))
A72: =IF(($K$7+13)>$L$7,"",TEXT(($K$7+13),"DD.MM")&" "&CHOOSE(WEEKDAY(($K$7+13),2),"пн","вт","ср","чт","пт","сб","вс")) | B72: =IF(($K$7+13)>$L$7,"",SUMIFS('Данные'!$C:$C,'Данные'!$A:$A,">="&($K$7+13),'Данные'!$A:$A,"<"&($K$7+13)+1,'Данные'!$B:$B,$B$3)) | C72: =IF(($K$7+13)>$L$7,"",B72*(100+22)/100) | D72: =IF(($K$7+13)>$L$7,"",SUMIFS('Данные'!$D:$D,'Данные'!$A:$A,">="&($K$7+13),'Данные'!$A:$A,"<"&($K$7+13)+1,'Данные'!$B:$B,$B$3)) | E72: =IF(($K$7+13)>$L$7,"",SUMIFS('Данные'!$E:$E,'Данные'!$A:$A,">="&($K$7+13),'Данные'!$A:$A,"<"&($K$7+13)+1,'Данные'!$B:$B,$B$3)) | F72: =IF(($K$7+13)>$L$7,"",IFERROR(E72/D72,"")) | G72: =IF(($K$7+13)>$L$7,"",IFERROR(B72/E72,"")) | H72: =IF(($K$7+13)>$L$7,"",SUMIFS('Данные'!$F:$F,'Данные'!$A:$A,">="&($K$7+13),'Данные'!$A:$A,"<"&($K$7+13)+1,'Данные'!$B:$B,$B$3)) | I72: =IF(($K$7+13)>$L$7,"",IFERROR(B72/H72,"")) | J72: =IF(($K$7+13)>$L$7,"",IFERROR(H72/E72,""))
A73: =IF(($K$7+14)>$L$7,"",TEXT(($K$7+14),"DD.MM")&" "&CHOOSE(WEEKDAY(($K$7+14),2),"пн","вт","ср","чт","пт","сб","вс")) | B73: =IF(($K$7+14)>$L$7,"",SUMIFS('Данные'!$C:$C,'Данные'!$A:$A,">="&($K$7+14),'Данные'!$A:$A,"<"&($K$7+14)+1,'Данные'!$B:$B,$B$3)) | C73: =IF(($K$7+14)>$L$7,"",B73*(100+22)/100) | D73: =IF(($K$7+14)>$L$7,"",SUMIFS('Данные'!$D:$D,'Данные'!$A:$A,">="&($K$7+14),'Данные'!$A:$A,"<"&($K$7+14)+1,'Данные'!$B:$B,$B$3)) | E73: =IF(($K$7+14)>$L$7,"",SUMIFS('Данные'!$E:$E,'Данные'!$A:$A,">="&($K$7+14),'Данные'!$A:$A,"<"&($K$7+14)+1,'Данные'!$B:$B,$B$3)) | F73: =IF(($K$7+14)>$L$7,"",IFERROR(E73/D73,"")) | G73: =IF(($K$7+14)>$L$7,"",IFERROR(B73/E73,"")) | H73: =IF(($K$7+14)>$L$7,"",SUMIFS('Данные'!$F:$F,'Данные'!$A:$A,">="&($K$7+14),'Данные'!$A:$A,"<"&($K$7+14)+1,'Данные'!$B:$B,$B$3)) | I73: =IF(($K$7+14)>$L$7,"",IFERROR(B73/H73,"")) | J73: =IF(($K$7+14)>$L$7,"",IFERROR(H73/E73,""))
A74: =IF(($K$7+15)>$L$7,"",TEXT(($K$7+15),"DD.MM")&" "&CHOOSE(WEEKDAY(($K$7+15),2),"пн","вт","ср","чт","пт","сб","вс")) | B74: =IF(($K$7+15)>$L$7,"",SUMIFS('Данные'!$C:$C,'Данные'!$A:$A,">="&($K$7+15),'Данные'!$A:$A,"<"&($K$7+15)+1,'Данные'!$B:$B,$B$3)) | C74: =IF(($K$7+15)>$L$7,"",B74*(100+22)/100) | D74: =IF(($K$7+15)>$L$7,"",SUMIFS('Данные'!$D:$D,'Данные'!$A:$A,">="&($K$7+15),'Данные'!$A:$A,"<"&($K$7+15)+1,'Данные'!$B:$B,$B$3)) | E74: =IF(($K$7+15)>$L$7,"",SUMIFS('Данные'!$E:$E,'Данные'!$A:$A,">="&($K$7+15),'Данные'!$A:$A,"<"&($K$7+15)+1,'Данные'!$B:$B,$B$3)) | F74: =IF(($K$7+15)>$L$7,"",IFERROR(E74/D74,"")) | G74: =IF(($K$7+15)>$L$7,"",IFERROR(B74/E74,"")) | H74: =IF(($K$7+15)>$L$7,"",SUMIFS('Данные'!$F:$F,'Данные'!$A:$A,">="&($K$7+15),'Данные'!$A:$A,"<"&($K$7+15)+1,'Данные'!$B:$B,$B$3)) | I74: =IF(($K$7+15)>$L$7,"",IFERROR(B74/H74,"")) | J74: =IF(($K$7+15)>$L$7,"",IFERROR(H74/E74,""))
A75: =IF(($K$7+16)>$L$7,"",TEXT(($K$7+16),"DD.MM")&" "&CHOOSE(WEEKDAY(($K$7+16),2),"пн","вт","ср","чт","пт","сб","вс")) | B75: =IF(($K$7+16)>$L$7,"",SUMIFS('Данные'!$C:$C,'Данные'!$A:$A,">="&($K$7+16),'Данные'!$A:$A,"<"&($K$7+16)+1,'Данные'!$B:$B,$B$3)) | C75: =IF(($K$7+16)>$L$7,"",B75*(100+22)/100) | D75: =IF(($K$7+16)>$L$7,"",SUMIFS('Данные'!$D:$D,'Данные'!$A:$A,">="&($K$7+16),'Данные'!$A:$A,"<"&($K$7+16)+1,'Данные'!$B:$B,$B$3)) | E75: =IF(($K$7+16)>$L$7,"",SUMIFS('Данные'!$E:$E,'Данные'!$A:$A,">="&($K$7+16),'Данные'!$A:$A,"<"&($K$7+16)+1,'Данные'!$B:$B,$B$3)) | F75: =IF(($K$7+16)>$L$7,"",IFERROR(E75/D75,"")) | G75: =IF(($K$7+16)>$L$7,"",IFERROR(B75/E75,"")) | H75: =IF(($K$7+16)>$L$7,"",SUMIFS('Данные'!$F:$F,'Данные'!$A:$A,">="&($K$7+16),'Данные'!$A:$A,"<"&($K$7+16)+1,'Данные'!$B:$B,$B$3)) | I75: =IF(($K$7+16)>$L$7,"",IFERROR(B75/H75,"")) | J75: =IF(($K$7+16)>$L$7,"",IFERROR(H75/E75,""))
A76: =IF(($K$7+17)>$L$7,"",TEXT(($K$7+17),"DD.MM")&" "&CHOOSE(WEEKDAY(($K$7+17),2),"пн","вт","ср","чт","пт","сб","вс")) | B76: =IF(($K$7+17)>$L$7,"",SUMIFS('Данные'!$C:$C,'Данные'!$A:$A,">="&($K$7+17),'Данные'!$A:$A,"<"&($K$7+17)+1,'Данные'!$B:$B,$B$3)) | C76: =IF(($K$7+17)>$L$7,"",B76*(100+22)/100) | D76: =IF(($K$7+17)>$L$7,"",SUMIFS('Данные'!$D:$D,'Данные'!$A:$A,">="&($K$7+17),'Данные'!$A:$A,"<"&($K$7+17)+1,'Данные'!$B:$B,$B$3)) | E76: =IF(($K$7+17)>$L$7,"",SUMIFS('Данные'!$E:$E,'Данные'!$A:$A,">="&($K$7+17),'Данные'!$A:$A,"<"&($K$7+17)+1,'Данные'!$B:$B,$B$3)) | F76: =IF(($K$7+17)>$L$7,"",IFERROR(E76/D76,"")) | G76: =IF(($K$7+17)>$L$7,"",IFERROR(B76/E76,"")) | H76: =IF(($K$7+17)>$L$7,"",SUMIFS('Данные'!$F:$F,'Данные'!$A:$A,">="&($K$7+17),'Данные'!$A:$A,"<"&($K$7+17)+1,'Данные'!$B:$B,$B$3)) | I76: =IF(($K$7+17)>$L$7,"",IFERROR(B76/H76,"")) | J76: =IF(($K$7+17)>$L$7,"",IFERROR(H76/E76,""))
A77: =IF(($K$7+18)>$L$7,"",TEXT(($K$7+18),"DD.MM")&" "&CHOOSE(WEEKDAY(($K$7+18),2),"пн","вт","ср","чт","пт","сб","вс")) | B77: =IF(($K$7+18)>$L$7,"",SUMIFS('Данные'!$C:$C,'Данные'!$A:$A,">="&($K$7+18),'Данные'!$A:$A,"<"&($K$7+18)+1,'Данные'!$B:$B,$B$3)) | C77: =IF(($K$7+18)>$L$7,"",B77*(100+22)/100) | D77: =IF(($K$7+18)>$L$7,"",SUMIFS('Данные'!$D:$D,'Данные'!$A:$A,">="&($K$7+18),'Данные'!$A:$A,"<"&($K$7+18)+1,'Данные'!$B:$B,$B$3)) | E77: =IF(($K$7+18)>$L$7,"",SUMIFS('Данные'!$E:$E,'Данные'!$A:$A,">="&($K$7+18),'Данные'!$A:$A,"<"&($K$7+18)+1,'Данные'!$B:$B,$B$3)) | F77: =IF(($K$7+18)>$L$7,"",IFERROR(E77/D77,"")) | G77: =IF(($K$7+18)>$L$7,"",IFERROR(B77/E77,"")) | H77: =IF(($K$7+18)>$L$7,"",SUMIFS('Данные'!$F:$F,'Данные'!$A:$A,">="&($K$7+18),'Данные'!$A:$A,"<"&($K$7+18)+1,'Данные'!$B:$B,$B$3)) | I77: =IF(($K$7+18)>$L$7,"",IFERROR(B77/H77,"")) | J77: =IF(($K$7+18)>$L$7,"",IFERROR(H77/E77,""))
A78: =IF(($K$7+19)>$L$7,"",TEXT(($K$7+19),"DD.MM")&" "&CHOOSE(WEEKDAY(($K$7+19),2),"пн","вт","ср","чт","пт","сб","вс")) | B78: =IF(($K$7+19)>$L$7,"",SUMIFS('Данные'!$C:$C,'Данные'!$A:$A,">="&($K$7+19),'Данные'!$A:$A,"<"&($K$7+19)+1,'Данные'!$B:$B,$B$3)) | C78: =IF(($K$7+19)>$L$7,"",B78*(100+22)/100) | D78: =IF(($K$7+19)>$L$7,"",SUMIFS('Данные'!$D:$D,'Данные'!$A:$A,">="&($K$7+19),'Данные'!$A:$A,"<"&($K$7+19)+1,'Данные'!$B:$B,$B$3)) | E78: =IF(($K$7+19)>$L$7,"",SUMIFS('Данные'!$E:$E,'Данные'!$A:$A,">="&($K$7+19),'Данные'!$A:$A,"<"&($K$7+19)+1,'Данные'!$B:$B,$B$3)) | F78: =IF(($K$7+19)>$L$7,"",IFERROR(E78/D78,"")) | G78: =IF(($K$7+19)>$L$7,"",IFERROR(B78/E78,"")) | H78: =IF(($K$7+19)>$L$7,"",SUMIFS('Данные'!$F:$F,'Данные'!$A:$A,">="&($K$7+19),'Данные'!$A:$A,"<"&($K$7+19)+1,'Данные'!$B:$B,$B$3)) | I78: =IF(($K$7+19)>$L$7,"",IFERROR(B78/H78,"")) | J78: =IF(($K$7+19)>$L$7,"",IFERROR(H78/E78,""))
A79: =IF(($K$7+20)>$L$7,"",TEXT(($K$7+20),"DD.MM")&" "&CHOOSE(WEEKDAY(($K$7+20),2),"пн","вт","ср","чт","пт","сб","вс")) | B79: =IF(($K$7+20)>$L$7,"",SUMIFS('Данные'!$C:$C,'Данные'!$A:$A,">="&($K$7+20),'Данные'!$A:$A,"<"&($K$7+20)+1,'Данные'!$B:$B,$B$3)) | C79: =IF(($K$7+20)>$L$7,"",B79*(100+22)/100) | D79: =IF(($K$7+20)>$L$7,"",SUMIFS('Данные'!$D:$D,'Данные'!$A:$A,">="&($K$7+20),'Данные'!$A:$A,"<"&($K$7+20)+1,'Данные'!$B:$B,$B$3)) | E79: =IF(($K$7+20)>$L$7,"",SUMIFS('Данные'!$E:$E,'Данные'!$A:$A,">="&($K$7+20),'Данные'!$A:$A,"<"&($K$7+20)+1,'Данные'!$B:$B,$B$3)) | F79: =IF(($K$7+20)>$L$7,"",IFERROR(E79/D79,"")) | G79: =IF(($K$7+20)>$L$7,"",IFERROR(B79/E79,"")) | H79: =IF(($K$7+20)>$L$7,"",SUMIFS('Данные'!$F:$F,'Данные'!$A:$A,">="&($K$7+20),'Данные'!$A:$A,"<"&($K$7+20)+1,'Данные'!$B:$B,$B$3)) | I79: =IF(($K$7+20)>$L$7,"",IFERROR(B79/H79,"")) | J79: =IF(($K$7+20)>$L$7,"",IFERROR(H79/E79,""))
A80: =IF(($K$7+21)>$L$7,"",TEXT(($K$7+21),"DD.MM")&" "&CHOOSE(WEEKDAY(($K$7+21),2),"пн","вт","ср","чт","пт","сб","вс")) | B80: =IF(($K$7+21)>$L$7,"",SUMIFS('Данные'!$C:$C,'Данные'!$A:$A,">="&($K$7+21),'Данные'!$A:$A,"<"&($K$7+21)+1,'Данные'!$B:$B,$B$3)) | C80: =IF(($K$7+21)>$L$7,"",B80*(100+22)/100) | D80: =IF(($K$7+21)>$L$7,"",SUMIFS('Данные'!$D:$D,'Данные'!$A:$A,">="&($K$7+21),'Данные'!$A:$A,"<"&($K$7+21)+1,'Данные'!$B:$B,$B$3)) | E80: =IF(($K$7+21)>$L$7,"",SUMIFS('Данные'!$E:$E,'Данные'!$A:$A,">="&($K$7+21),'Данные'!$A:$A,"<"&($K$7+21)+1,'Данные'!$B:$B,$B$3)) | F80: =IF(($K$7+21)>$L$7,"",IFERROR(E80/D80,"")) | G80: =IF(($K$7+21)>$L$7,"",IFERROR(B80/E80,"")) | H80: =IF(($K$7+21)>$L$7,"",SUMIFS('Данные'!$F:$F,'Данные'!$A:$A,">="&($K$7+21),'Данные'!$A:$A,"<"&($K$7+21)+1,'Данные'!$B:$B,$B$3)) | I80: =IF(($K$7+21)>$L$7,"",IFERROR(B80/H80,"")) | J80: =IF(($K$7+21)>$L$7,"",IFERROR(H80/E80,""))
A81: =IF(($K$7+22)>$L$7,"",TEXT(($K$7+22),"DD.MM")&" "&CHOOSE(WEEKDAY(($K$7+22),2),"пн","вт","ср","чт","пт","сб","вс")) | B81: =IF(($K$7+22)>$L$7,"",SUMIFS('Данные'!$C:$C,'Данные'!$A:$A,">="&($K$7+22),'Данные'!$A:$A,"<"&($K$7+22)+1,'Данные'!$B:$B,$B$3)) | C81: =IF(($K$7+22)>$L$7,"",B81*(100+22)/100) | D81: =IF(($K$7+22)>$L$7,"",SUMIFS('Данные'!$D:$D,'Данные'!$A:$A,">="&($K$7+22),'Данные'!$A:$A,"<"&($K$7+22)+1,'Данные'!$B:$B,$B$3)) | E81: =IF(($K$7+22)>$L$7,"",SUMIFS('Данные'!$E:$E,'Данные'!$A:$A,">="&($K$7+22),'Данные'!$A:$A,"<"&($K$7+22)+1,'Данные'!$B:$B,$B$3)) | F81: =IF(($K$7+22)>$L$7,"",IFERROR(E81/D81,"")) | G81: =IF(($K$7+22)>$L$7,"",IFERROR(B81/E81,"")) | H81: =IF(($K$7+22)>$L$7,"",SUMIFS('Данные'!$F:$F,'Данные'!$A:$A,">="&($K$7+22),'Данные'!$A:$A,"<"&($K$7+22)+1,'Данные'!$B:$B,$B$3)) | I81: =IF(($K$7+22)>$L$7,"",IFERROR(B81/H81,"")) | J81: =IF(($K$7+22)>$L$7,"",IFERROR(H81/E81,""))
A82: =IF(($K$7+23)>$L$7,"",TEXT(($K$7+23),"DD.MM")&" "&CHOOSE(WEEKDAY(($K$7+23),2),"пн","вт","ср","чт","пт","сб","вс")) | B82: =IF(($K$7+23)>$L$7,"",SUMIFS('Данные'!$C:$C,'Данные'!$A:$A,">="&($K$7+23),'Данные'!$A:$A,"<"&($K$7+23)+1,'Данные'!$B:$B,$B$3)) | C82: =IF(($K$7+23)>$L$7,"",B82*(100+22)/100) | D82: =IF(($K$7+23)>$L$7,"",SUMIFS('Данные'!$D:$D,'Данные'!$A:$A,">="&($K$7+23),'Данные'!$A:$A,"<"&($K$7+23)+1,'Данные'!$B:$B,$B$3)) | E82: =IF(($K$7+23)>$L$7,"",SUMIFS('Данные'!$E:$E,'Данные'!$A:$A,">="&($K$7+23),'Данные'!$A:$A,"<"&($K$7+23)+1,'Данные'!$B:$B,$B$3)) | F82: =IF(($K$7+23)>$L$7,"",IFERROR(E82/D82,"")) | G82: =IF(($K$7+23)>$L$7,"",IFERROR(B82/E82,"")) | H82: =IF(($K$7+23)>$L$7,"",SUMIFS('Данные'!$F:$F,'Данные'!$A:$A,">="&($K$7+23),'Данные'!$A:$A,"<"&($K$7+23)+1,'Данные'!$B:$B,$B$3)) | I82: =IF(($K$7+23)>$L$7,"",IFERROR(B82/H82,"")) | J82: =IF(($K$7+23)>$L$7,"",IFERROR(H82/E82,""))
A83: =IF(($K$7+24)>$L$7,"",TEXT(($K$7+24),"DD.MM")&" "&CHOOSE(WEEKDAY(($K$7+24),2),"пн","вт","ср","чт","пт","сб","вс")) | B83: =IF(($K$7+24)>$L$7,"",SUMIFS('Данные'!$C:$C,'Данные'!$A:$A,">="&($K$7+24),'Данные'!$A:$A,"<"&($K$7+24)+1,'Данные'!$B:$B,$B$3)) | C83: =IF(($K$7+24)>$L$7,"",B83*(100+22)/100) | D83: =IF(($K$7+24)>$L$7,"",SUMIFS('Данные'!$D:$D,'Данные'!$A:$A,">="&($K$7+24),'Данные'!$A:$A,"<"&($K$7+24)+1,'Данные'!$B:$B,$B$3)) | E83: =IF(($K$7+24)>$L$7,"",SUMIFS('Данные'!$E:$E,'Данные'!$A:$A,">="&($K$7+24),'Данные'!$A:$A,"<"&($K$7+24)+1,'Данные'!$B:$B,$B$3)) | F83: =IF(($K$7+24)>$L$7,"",IFERROR(E83/D83,"")) | G83: =IF(($K$7+24)>$L$7,"",IFERROR(B83/E83,"")) | H83: =IF(($K$7+24)>$L$7,"",SUMIFS('Данные'!$F:$F,'Данные'!$A:$A,">="&($K$7+24),'Данные'!$A:$A,"<"&($K$7+24)+1,'Данные'!$B:$B,$B$3)) | I83: =IF(($K$7+24)>$L$7,"",IFERROR(B83/H83,"")) | J83: =IF(($K$7+24)>$L$7,"",IFERROR(H83/E83,""))
A84: =IF(($K$7+25)>$L$7,"",TEXT(($K$7+25),"DD.MM")&" "&CHOOSE(WEEKDAY(($K$7+25),2),"пн","вт","ср","чт","пт","сб","вс")) | B84: =IF(($K$7+25)>$L$7,"",SUMIFS('Данные'!$C:$C,'Данные'!$A:$A,">="&($K$7+25),'Данные'!$A:$A,"<"&($K$7+25)+1,'Данные'!$B:$B,$B$3)) | C84: =IF(($K$7+25)>$L$7,"",B84*(100+22)/100) | D84: =IF(($K$7+25)>$L$7,"",SUMIFS('Данные'!$D:$D,'Данные'!$A:$A,">="&($K$7+25),'Данные'!$A:$A,"<"&($K$7+25)+1,'Данные'!$B:$B,$B$3)) | E84: =IF(($K$7+25)>$L$7,"",SUMIFS('Данные'!$E:$E,'Данные'!$A:$A,">="&($K$7+25),'Данные'!$A:$A,"<"&($K$7+25)+1,'Данные'!$B:$B,$B$3)) | F84: =IF(($K$7+25)>$L$7,"",IFERROR(E84/D84,"")) | G84: =IF(($K$7+25)>$L$7,"",IFERROR(B84/E84,"")) | H84: =IF(($K$7+25)>$L$7,"",SUMIFS('Данные'!$F:$F,'Данные'!$A:$A,">="&($K$7+25),'Данные'!$A:$A,"<"&($K$7+25)+1,'Данные'!$B:$B,$B$3)) | I84: =IF(($K$7+25)>$L$7,"",IFERROR(B84/H84,"")) | J84: =IF(($K$7+25)>$L$7,"",IFERROR(H84/E84,""))
A85: =IF(($K$7+26)>$L$7,"",TEXT(($K$7+26),"DD.MM")&" "&CHOOSE(WEEKDAY(($K$7+26),2),"пн","вт","ср","чт","пт","сб","вс")) | B85: =IF(($K$7+26)>$L$7,"",SUMIFS('Данные'!$C:$C,'Данные'!$A:$A,">="&($K$7+26),'Данные'!$A:$A,"<"&($K$7+26)+1,'Данные'!$B:$B,$B$3)) | C85: =IF(($K$7+26)>$L$7,"",B85*(100+22)/100) | D85: =IF(($K$7+26)>$L$7,"",SUMIFS('Данные'!$D:$D,'Данные'!$A:$A,">="&($K$7+26),'Данные'!$A:$A,"<"&($K$7+26)+1,'Данные'!$B:$B,$B$3)) | E85: =IF(($K$7+26)>$L$7,"",SUMIFS('Данные'!$E:$E,'Данные'!$A:$A,">="&($K$7+26),'Данные'!$A:$A,"<"&($K$7+26)+1,'Данные'!$B:$B,$B$3)) | F85: =IF(($K$7+26)>$L$7,"",IFERROR(E85/D85,"")) | G85: =IF(($K$7+26)>$L$7,"",IFERROR(B85/E85,"")) | H85: =IF(($K$7+26)>$L$7,"",SUMIFS('Данные'!$F:$F,'Данные'!$A:$A,">="&($K$7+26),'Данные'!$A:$A,"<"&($K$7+26)+1,'Данные'!$B:$B,$B$3)) | I85: =IF(($K$7+26)>$L$7,"",IFERROR(B85/H85,"")) | J85: =IF(($K$7+26)>$L$7,"",IFERROR(H85/E85,""))
A86: =IF(($K$7+27)>$L$7,"",TEXT(($K$7+27),"DD.MM")&" "&CHOOSE(WEEKDAY(($K$7+27),2),"пн","вт","ср","чт","пт","сб","вс")) | B86: =IF(($K$7+27)>$L$7,"",SUMIFS('Данные'!$C:$C,'Данные'!$A:$A,">="&($K$7+27),'Данные'!$A:$A,"<"&($K$7+27)+1,'Данные'!$B:$B,$B$3)) | C86: =IF(($K$7+27)>$L$7,"",B86*(100+22)/100) | D86: =IF(($K$7+27)>$L$7,"",SUMIFS('Данные'!$D:$D,'Данные'!$A:$A,">="&($K$7+27),'Данные'!$A:$A,"<"&($K$7+27)+1,'Данные'!$B:$B,$B$3)) | E86: =IF(($K$7+27)>$L$7,"",SUMIFS('Данные'!$E:$E,'Данные'!$A:$A,">="&($K$7+27),'Данные'!$A:$A,"<"&($K$7+27)+1,'Данные'!$B:$B,$B$3)) | F86: =IF(($K$7+27)>$L$7,"",IFERROR(E86/D86,"")) | G86: =IF(($K$7+27)>$L$7,"",IFERROR(B86/E86,"")) | H86: =IF(($K$7+27)>$L$7,"",SUMIFS('Данные'!$F:$F,'Данные'!$A:$A,">="&($K$7+27),'Данные'!$A:$A,"<"&($K$7+27)+1,'Данные'!$B:$B,$B$3)) | I86: =IF(($K$7+27)>$L$7,"",IFERROR(B86/H86,"")) | J86: =IF(($K$7+27)>$L$7,"",IFERROR(H86/E86,""))
A87: =IF(($K$7+28)>$L$7,"",TEXT(($K$7+28),"DD.MM")&" "&CHOOSE(WEEKDAY(($K$7+28),2),"пн","вт","ср","чт","пт","сб","вс")) | B87: =IF(($K$7+28)>$L$7,"",SUMIFS('Данные'!$C:$C,'Данные'!$A:$A,">="&($K$7+28),'Данные'!$A:$A,"<"&($K$7+28)+1,'Данные'!$B:$B,$B$3)) | C87: =IF(($K$7+28)>$L$7,"",B87*(100+22)/100) | D87: =IF(($K$7+28)>$L$7,"",SUMIFS('Данные'!$D:$D,'Данные'!$A:$A,">="&($K$7+28),'Данные'!$A:$A,"<"&($K$7+28)+1,'Данные'!$B:$B,$B$3)) | E87: =IF(($K$7+28)>$L$7,"",SUMIFS('Данные'!$E:$E,'Данные'!$A:$A,">="&($K$7+28),'Данные'!$A:$A,"<"&($K$7+28)+1,'Данные'!$B:$B,$B$3)) | F87: =IF(($K$7+28)>$L$7,"",IFERROR(E87/D87,"")) | G87: =IF(($K$7+28)>$L$7,"",IFERROR(B87/E87,"")) | H87: =IF(($K$7+28)>$L$7,"",SUMIFS('Данные'!$F:$F,'Данные'!$A:$A,">="&($K$7+28),'Данные'!$A:$A,"<"&($K$7+28)+1,'Данные'!$B:$B,$B$3)) | I87: =IF(($K$7+28)>$L$7,"",IFERROR(B87/H87,"")) | J87: =IF(($K$7+28)>$L$7,"",IFERROR(H87/E87,""))
A88: =IF(($K$7+29)>$L$7,"",TEXT(($K$7+29),"DD.MM")&" "&CHOOSE(WEEKDAY(($K$7+29),2),"пн","вт","ср","чт","пт","сб","вс")) | B88: =IF(($K$7+29)>$L$7,"",SUMIFS('Данные'!$C:$C,'Данные'!$A:$A,">="&($K$7+29),'Данные'!$A:$A,"<"&($K$7+29)+1,'Данные'!$B:$B,$B$3)) | C88: =IF(($K$7+29)>$L$7,"",B88*(100+22)/100) | D88: =IF(($K$7+29)>$L$7,"",SUMIFS('Данные'!$D:$D,'Данные'!$A:$A,">="&($K$7+29),'Данные'!$A:$A,"<"&($K$7+29)+1,'Данные'!$B:$B,$B$3)) | E88: =IF(($K$7+29)>$L$7,"",SUMIFS('Данные'!$E:$E,'Данные'!$A:$A,">="&($K$7+29),'Данные'!$A:$A,"<"&($K$7+29)+1,'Данные'!$B:$B,$B$3)) | F88: =IF(($K$7+29)>$L$7,"",IFERROR(E88/D88,"")) | G88: =IF(($K$7+29)>$L$7,"",IFERROR(B88/E88,"")) | H88: =IF(($K$7+29)>$L$7,"",SUMIFS('Данные'!$F:$F,'Данные'!$A:$A,">="&($K$7+29),'Данные'!$A:$A,"<"&($K$7+29)+1,'Данные'!$B:$B,$B$3)) | I88: =IF(($K$7+29)>$L$7,"",IFERROR(B88/H88,"")) | J88: =IF(($K$7+29)>$L$7,"",IFERROR(H88/E88,""))
A89: =IF(($K$7+30)>$L$7,"",TEXT(($K$7+30),"DD.MM")&" "&CHOOSE(WEEKDAY(($K$7+30),2),"пн","вт","ср","чт","пт","сб","вс")) | B89: =IF(($K$7+30)>$L$7,"",SUMIFS('Данные'!$C:$C,'Данные'!$A:$A,">="&($K$7+30),'Данные'!$A:$A,"<"&($K$7+30)+1,'Данные'!$B:$B,$B$3)) | C89: =IF(($K$7+30)>$L$7,"",B89*(100+22)/100) | D89: =IF(($K$7+30)>$L$7,"",SUMIFS('Данные'!$D:$D,'Данные'!$A:$A,">="&($K$7+30),'Данные'!$A:$A,"<"&($K$7+30)+1,'Данные'!$B:$B,$B$3)) | E89: =IF(($K$7+30)>$L$7,"",SUMIFS('Данные'!$E:$E,'Данные'!$A:$A,">="&($K$7+30),'Данные'!$A:$A,"<"&($K$7+30)+1,'Данные'!$B:$B,$B$3)) | F89: =IF(($K$7+30)>$L$7,"",IFERROR(E89/D89,"")) | G89: =IF(($K$7+30)>$L$7,"",IFERROR(B89/E89,"")) | H89: =IF(($K$7+30)>$L$7,"",SUMIFS('Данные'!$F:$F,'Данные'!$A:$A,">="&($K$7+30),'Данные'!$A:$A,"<"&($K$7+30)+1,'Данные'!$B:$B,$B$3)) | I89: =IF(($K$7+30)>$L$7,"",IFERROR(B89/H89,"")) | J89: =IF(($K$7+30)>$L$7,"",IFERROR(H89/E89,""))
A90: =IF(($K$7+31)>$L$7,"",TEXT(($K$7+31),"DD.MM")&" "&CHOOSE(WEEKDAY(($K$7+31),2),"пн","вт","ср","чт","пт","сб","вс")) | B90: =IF(($K$7+31)>$L$7,"",SUMIFS('Данные'!$C:$C,'Данные'!$A:$A,">="&($K$7+31),'Данные'!$A:$A,"<"&($K$7+31)+1,'Данные'!$B:$B,$B$3)) | C90: =IF(($K$7+31)>$L$7,"",B90*(100+22)/100) | D90: =IF(($K$7+31)>$L$7,"",SUMIFS('Данные'!$D:$D,'Данные'!$A:$A,">="&($K$7+31),'Данные'!$A:$A,"<"&($K$7+31)+1,'Данные'!$B:$B,$B$3)) | E90: =IF(($K$7+31)>$L$7,"",SUMIFS('Данные'!$E:$E,'Данные'!$A:$A,">="&($K$7+31),'Данные'!$A:$A,"<"&($K$7+31)+1,'Данные'!$B:$B,$B$3)) | F90: =IF(($K$7+31)>$L$7,"",IFERROR(E90/D90,"")) | G90: =IF(($K$7+31)>$L$7,"",IFERROR(B90/E90,"")) | H90: =IF(($K$7+31)>$L$7,"",SUMIFS('Данные'!$F:$F,'Данные'!$A:$A,">="&($K$7+31),'Данные'!$A:$A,"<"&($K$7+31)+1,'Данные'!$B:$B,$B$3)) | I90: =IF(($K$7+31)>$L$7,"",IFERROR(B90/H90,"")) | J90: =IF(($K$7+31)>$L$7,"",IFERROR(H90/E90,""))
A91: =IF(($K$7+32)>$L$7,"",TEXT(($K$7+32),"DD.MM")&" "&CHOOSE(WEEKDAY(($K$7+32),2),"пн","вт","ср","чт","пт","сб","вс")) | B91: =IF(($K$7+32)>$L$7,"",SUMIFS('Данные'!$C:$C,'Данные'!$A:$A,">="&($K$7+32),'Данные'!$A:$A,"<"&($K$7+32)+1,'Данные'!$B:$B,$B$3)) | C91: =IF(($K$7+32)>$L$7,"",B91*(100+22)/100) | D91: =IF(($K$7+32)>$L$7,"",SUMIFS('Данные'!$D:$D,'Данные'!$A:$A,">="&($K$7+32),'Данные'!$A:$A,"<"&($K$7+32)+1,'Данные'!$B:$B,$B$3)) | E91: =IF(($K$7+32)>$L$7,"",SUMIFS('Данные'!$E:$E,'Данные'!$A:$A,">="&($K$7+32),'Данные'!$A:$A,"<"&($K$7+32)+1,'Данные'!$B:$B,$B$3)) | F91: =IF(($K$7+32)>$L$7,"",IFERROR(E91/D91,"")) | G91: =IF(($K$7+32)>$L$7,"",IFERROR(B91/E91,"")) | H91: =IF(($K$7+32)>$L$7,"",SUMIFS('Данные'!$F:$F,'Данные'!$A:$A,">="&($K$7+32),'Данные'!$A:$A,"<"&($K$7+32)+1,'Данные'!$B:$B,$B$3)) | I91: =IF(($K$7+32)>$L$7,"",IFERROR(B91/H91,"")) | J91: =IF(($K$7+32)>$L$7,"",IFERROR(H91/E91,""))
A92: =IF(($K$7+33)>$L$7,"",TEXT(($K$7+33),"DD.MM")&" "&CHOOSE(WEEKDAY(($K$7+33),2),"пн","вт","ср","чт","пт","сб","вс")) | B92: =IF(($K$7+33)>$L$7,"",SUMIFS('Данные'!$C:$C,'Данные'!$A:$A,">="&($K$7+33),'Данные'!$A:$A,"<"&($K$7+33)+1,'Данные'!$B:$B,$B$3)) | C92: =IF(($K$7+33)>$L$7,"",B92*(100+22)/100) | D92: =IF(($K$7+33)>$L$7,"",SUMIFS('Данные'!$D:$D,'Данные'!$A:$A,">="&($K$7+33),'Данные'!$A:$A,"<"&($K$7+33)+1,'Данные'!$B:$B,$B$3)) | E92: =IF(($K$7+33)>$L$7,"",SUMIFS('Данные'!$E:$E,'Данные'!$A:$A,">="&($K$7+33),'Данные'!$A:$A,"<"&($K$7+33)+1,'Данные'!$B:$B,$B$3)) | F92: =IF(($K$7+33)>$L$7,"",IFERROR(E92/D92,"")) | G92: =IF(($K$7+33)>$L$7,"",IFERROR(B92/E92,"")) | H92: =IF(($K$7+33)>$L$7,"",SUMIFS('Данные'!$F:$F,'Данные'!$A:$A,">="&($K$7+33),'Данные'!$A:$A,"<"&($K$7+33)+1,'Данные'!$B:$B,$B$3)) | I92: =IF(($K$7+33)>$L$7,"",IFERROR(B92/H92,"")) | J92: =IF(($K$7+33)>$L$7,"",IFERROR(H92/E92,""))
A93: =IF(($K$7+34)>$L$7,"",TEXT(($K$7+34),"DD.MM")&" "&CHOOSE(WEEKDAY(($K$7+34),2),"пн","вт","ср","чт","пт","сб","вс")) | B93: =IF(($K$7+34)>$L$7,"",SUMIFS('Данные'!$C:$C,'Данные'!$A:$A,">="&($K$7+34),'Данные'!$A:$A,"<"&($K$7+34)+1,'Данные'!$B:$B,$B$3)) | C93: =IF(($K$7+34)>$L$7,"",B93*(100+22)/100) | D93: =IF(($K$7+34)>$L$7,"",SUMIFS('Данные'!$D:$D,'Данные'!$A:$A,">="&($K$7+34),'Данные'!$A:$A,"<"&($K$7+34)+1,'Данные'!$B:$B,$B$3)) | E93: =IF(($K$7+34)>$L$7,"",SUMIFS('Данные'!$E:$E,'Данные'!$A:$A,">="&($K$7+34),'Данные'!$A:$A,"<"&($K$7+34)+1,'Данные'!$B:$B,$B$3)) | F93: =IF(($K$7+34)>$L$7,"",IFERROR(E93/D93,"")) | G93: =IF(($K$7+34)>$L$7,"",IFERROR(B93/E93,"")) | H93: =IF(($K$7+34)>$L$7,"",SUMIFS('Данные'!$F:$F,'Данные'!$A:$A,">="&($K$7+34),'Данные'!$A:$A,"<"&($K$7+34)+1,'Данные'!$B:$B,$B$3)) | I93: =IF(($K$7+34)>$L$7,"",IFERROR(B93/H93,"")) | J93: =IF(($K$7+34)>$L$7,"",IFERROR(H93/E93,""))
A94: =IF(($K$7+35)>$L$7,"",TEXT(($K$7+35),"DD.MM")&" "&CHOOSE(WEEKDAY(($K$7+35),2),"пн","вт","ср","чт","пт","сб","вс")) | B94: =IF(($K$7+35)>$L$7,"",SUMIFS('Данные'!$C:$C,'Данные'!$A:$A,">="&($K$7+35),'Данные'!$A:$A,"<"&($K$7+35)+1,'Данные'!$B:$B,$B$3)) | C94: =IF(($K$7+35)>$L$7,"",B94*(100+22)/100) | D94: =IF(($K$7+35)>$L$7,"",SUMIFS('Данные'!$D:$D,'Данные'!$A:$A,">="&($K$7+35),'Данные'!$A:$A,"<"&($K$7+35)+1,'Данные'!$B:$B,$B$3)) | E94: =IF(($K$7+35)>$L$7,"",SUMIFS('Данные'!$E:$E,'Данные'!$A:$A,">="&($K$7+35),'Данные'!$A:$A,"<"&($K$7+35)+1,'Данные'!$B:$B,$B$3)) | F94: =IF(($K$7+35)>$L$7,"",IFERROR(E94/D94,"")) | G94: =IF(($K$7+35)>$L$7,"",IFERROR(B94/E94,"")) | H94: =IF(($K$7+35)>$L$7,"",SUMIFS('Данные'!$F:$F,'Данные'!$A:$A,">="&($K$7+35),'Данные'!$A:$A,"<"&($K$7+35)+1,'Данные'!$B:$B,$B$3)) | I94: =IF(($K$7+35)>$L$7,"",IFERROR(B94/H94,"")) | J94: =IF(($K$7+35)>$L$7,"",IFERROR(H94/E94,""))
A95: =IF(($K$7+36)>$L$7,"",TEXT(($K$7+36),"DD.MM")&" "&CHOOSE(WEEKDAY(($K$7+36),2),"пн","вт","ср","чт","пт","сб","вс")) | B95: =IF(($K$7+36)>$L$7,"",SUMIFS('Данные'!$C:$C,'Данные'!$A:$A,">="&($K$7+36),'Данные'!$A:$A,"<"&($K$7+36)+1,'Данные'!$B:$B,$B$3)) | C95: =IF(($K$7+36)>$L$7,"",B95*(100+22)/100) | D95: =IF(($K$7+36)>$L$7,"",SUMIFS('Данные'!$D:$D,'Данные'!$A:$A,">="&($K$7+36),'Данные'!$A:$A,"<"&($K$7+36)+1,'Данные'!$B:$B,$B$3)) | E95: =IF(($K$7+36)>$L$7,"",SUMIFS('Данные'!$E:$E,'Данные'!$A:$A,">="&($K$7+36),'Данные'!$A:$A,"<"&($K$7+36)+1,'Данные'!$B:$B,$B$3)) | F95: =IF(($K$7+36)>$L$7,"",IFERROR(E95/D95,"")) | G95: =IF(($K$7+36)>$L$7,"",IFERROR(B95/E95,"")) | H95: =IF(($K$7+36)>$L$7,"",SUMIFS('Данные'!$F:$F,'Данные'!$A:$A,">="&($K$7+36),'Данные'!$A:$A,"<"&($K$7+36)+1,'Данные'!$B:$B,$B$3)) | I95: =IF(($K$7+36)>$L$7,"",IFERROR(B95/H95,"")) | J95: =IF(($K$7+36)>$L$7,"",IFERROR(H95/E95,""))
A96: =IF(($K$7+37)>$L$7,"",TEXT(($K$7+37),"DD.MM")&" "&CHOOSE(WEEKDAY(($K$7+37),2),"пн","вт","ср","чт","пт","сб","вс")) | B96: =IF(($K$7+37)>$L$7,"",SUMIFS('Данные'!$C:$C,'Данные'!$A:$A,">="&($K$7+37),'Данные'!$A:$A,"<"&($K$7+37)+1,'Данные'!$B:$B,$B$3)) | C96: =IF(($K$7+37)>$L$7,"",B96*(100+22)/100) | D96: =IF(($K$7+37)>$L$7,"",SUMIFS('Данные'!$D:$D,'Данные'!$A:$A,">="&($K$7+37),'Данные'!$A:$A,"<"&($K$7+37)+1,'Данные'!$B:$B,$B$3)) | E96: =IF(($K$7+37)>$L$7,"",SUMIFS('Данные'!$E:$E,'Данные'!$A:$A,">="&($K$7+37),'Данные'!$A:$A,"<"&($K$7+37)+1,'Данные'!$B:$B,$B$3)) | F96: =IF(($K$7+37)>$L$7,"",IFERROR(E96/D96,"")) | G96: =IF(($K$7+37)>$L$7,"",IFERROR(B96/E96,"")) | H96: =IF(($K$7+37)>$L$7,"",SUMIFS('Данные'!$F:$F,'Данные'!$A:$A,">="&($K$7+37),'Данные'!$A:$A,"<"&($K$7+37)+1,'Данные'!$B:$B,$B$3)) | I96: =IF(($K$7+37)>$L$7,"",IFERROR(B96/H96,"")) | J96: =IF(($K$7+37)>$L$7,"",IFERROR(H96/E96,""))
A97: =IF(($K$7+38)>$L$7,"",TEXT(($K$7+38),"DD.MM")&" "&CHOOSE(WEEKDAY(($K$7+38),2),"пн","вт","ср","чт","пт","сб","вс")) | B97: =IF(($K$7+38)>$L$7,"",SUMIFS('Данные'!$C:$C,'Данные'!$A:$A,">="&($K$7+38),'Данные'!$A:$A,"<"&($K$7+38)+1,'Данные'!$B:$B,$B$3)) | C97: =IF(($K$7+38)>$L$7,"",B97*(100+22)/100) | D97: =IF(($K$7+38)>$L$7,"",SUMIFS('Данные'!$D:$D,'Данные'!$A:$A,">="&($K$7+38),'Данные'!$A:$A,"<"&($K$7+38)+1,'Данные'!$B:$B,$B$3)) | E97: =IF(($K$7+38)>$L$7,"",SUMIFS('Данные'!$E:$E,'Данные'!$A:$A,">="&($K$7+38),'Данные'!$A:$A,"<"&($K$7+38)+1,'Данные'!$B:$B,$B$3)) | F97: =IF(($K$7+38)>$L$7,"",IFERROR(E97/D97,"")) | G97: =IF(($K$7+38)>$L$7,"",IFERROR(B97/E97,"")) | H97: =IF(($K$7+38)>$L$7,"",SUMIFS('Данные'!$F:$F,'Данные'!$A:$A,">="&($K$7+38),'Данные'!$A:$A,"<"&($K$7+38)+1,'Данные'!$B:$B,$B$3)) | I97: =IF(($K$7+38)>$L$7,"",IFERROR(B97/H97,"")) | J97: =IF(($K$7+38)>$L$7,"",IFERROR(H97/E97,""))
A98: =IF(($K$7+39)>$L$7,"",TEXT(($K$7+39),"DD.MM")&" "&CHOOSE(WEEKDAY(($K$7+39),2),"пн","вт","ср","чт","пт","сб","вс")) | B98: =IF(($K$7+39)>$L$7,"",SUMIFS('Данные'!$C:$C,'Данные'!$A:$A,">="&($K$7+39),'Данные'!$A:$A,"<"&($K$7+39)+1,'Данные'!$B:$B,$B$3)) | C98: =IF(($K$7+39)>$L$7,"",B98*(100+22)/100) | D98: =IF(($K$7+39)>$L$7,"",SUMIFS('Данные'!$D:$D,'Данные'!$A:$A,">="&($K$7+39),'Данные'!$A:$A,"<"&($K$7+39)+1,'Данные'!$B:$B,$B$3)) | E98: =IF(($K$7+39)>$L$7,"",SUMIFS('Данные'!$E:$E,'Данные'!$A:$A,">="&($K$7+39),'Данные'!$A:$A,"<"&($K$7+39)+1,'Данные'!$B:$B,$B$3)) | F98: =IF(($K$7+39)>$L$7,"",IFERROR(E98/D98,"")) | G98: =IF(($K$7+39)>$L$7,"",IFERROR(B98/E98,"")) | H98: =IF(($K$7+39)>$L$7,"",SUMIFS('Данные'!$F:$F,'Данные'!$A:$A,">="&($K$7+39),'Данные'!$A:$A,"<"&($K$7+39)+1,'Данные'!$B:$B,$B$3)) | I98: =IF(($K$7+39)>$L$7,"",IFERROR(B98/H98,"")) | J98: =IF(($K$7+39)>$L$7,"",IFERROR(H98/E98,""))
A99: =IF(($K$7+40)>$L$7,"",TEXT(($K$7+40),"DD.MM")&" "&CHOOSE(WEEKDAY(($K$7+40),2),"пн","вт","ср","чт","пт","сб","вс")) | B99: =IF(($K$7+40)>$L$7,"",SUMIFS('Данные'!$C:$C,'Данные'!$A:$A,">="&($K$7+40),'Данные'!$A:$A,"<"&($K$7+40)+1,'Данные'!$B:$B,$B$3)) | C99: =IF(($K$7+40)>$L$7,"",B99*(100+22)/100) | D99: =IF(($K$7+40)>$L$7,"",SUMIFS('Данные'!$D:$D,'Данные'!$A:$A,">="&($K$7+40),'Данные'!$A:$A,"<"&($K$7+40)+1,'Данные'!$B:$B,$B$3)) | E99: =IF(($K$7+40)>$L$7,"",SUMIFS('Данные'!$E:$E,'Данные'!$A:$A,">="&($K$7+40),'Данные'!$A:$A,"<"&($K$7+40)+1,'Данные'!$B:$B,$B$3)) | F99: =IF(($K$7+40)>$L$7,"",IFERROR(E99/D99,"")) | G99: =IF(($K$7+40)>$L$7,"",IFERROR(B99/E99,"")) | H99: =IF(($K$7+40)>$L$7,"",SUMIFS('Данные'!$F:$F,'Данные'!$A:$A,">="&($K$7+40),'Данные'!$A:$A,"<"&($K$7+40)+1,'Данные'!$B:$B,$B$3)) | I99: =IF(($K$7+40)>$L$7,"",IFERROR(B99/H99,"")) | J99: =IF(($K$7+40)>$L$7,"",IFERROR(H99/E99,""))
A100: =IF(($K$7+41)>$L$7,"",TEXT(($K$7+41),"DD.MM")&" "&CHOOSE(WEEKDAY(($K$7+41),2),"пн","вт","ср","чт","пт","сб","вс")) | B100: =IF(($K$7+41)>$L$7,"",SUMIFS('Данные'!$C:$C,'Данные'!$A:$A,">="&($K$7+41),'Данные'!$A:$A,"<"&($K$7+41)+1,'Данные'!$B:$B,$B$3)) | C100: =IF(($K$7+41)>$L$7,"",B100*(100+22)/100) | D100: =IF(($K$7+41)>$L$7,"",SUMIFS('Данные'!$D:$D,'Данные'!$A:$A,">="&($K$7+41),'Данные'!$A:$A,"<"&($K$7+41)+1,'Данные'!$B:$B,$B$3)) | E100: =IF(($K$7+41)>$L$7,"",SUMIFS('Данные'!$E:$E,'Данные'!$A:$A,">="&($K$7+41),'Данные'!$A:$A,"<"&($K$7+41)+1,'Данные'!$B:$B,$B$3)) | F100: =IF(($K$7+41)>$L$7,"",IFERROR(E100/D100,"")) | G100: =IF(($K$7+41)>$L$7,"",IFERROR(B100/E100,"")) | H100: =IF(($K$7+41)>$L$7,"",SUMIFS('Данные'!$F:$F,'Данные'!$A:$A,">="&($K$7+41),'Данные'!$A:$A,"<"&($K$7+41)+1,'Данные'!$B:$B,$B$3)) | I100: =IF(($K$7+41)>$L$7,"",IFERROR(B100/H100,"")) | J100: =IF(($K$7+41)>$L$7,"",IFERROR(H100/E100,""))
A101: =IF(($K$7+42)>$L$7,"",TEXT(($K$7+42),"DD.MM")&" "&CHOOSE(WEEKDAY(($K$7+42),2),"пн","вт","ср","чт","пт","сб","вс")) | B101: =IF(($K$7+42)>$L$7,"",SUMIFS('Данные'!$C:$C,'Данные'!$A:$A,">="&($K$7+42),'Данные'!$A:$A,"<"&($K$7+42)+1,'Данные'!$B:$B,$B$3)) | C101: =IF(($K$7+42)>$L$7,"",B101*(100+22)/100) | D101: =IF(($K$7+42)>$L$7,"",SUMIFS('Данные'!$D:$D,'Данные'!$A:$A,">="&($K$7+42),'Данные'!$A:$A,"<"&($K$7+42)+1,'Данные'!$B:$B,$B$3)) | E101: =IF(($K$7+42)>$L$7,"",SUMIFS('Данные'!$E:$E,'Данные'!$A:$A,">="&($K$7+42),'Данные'!$A:$A,"<"&($K$7+42)+1,'Данные'!$B:$B,$B$3)) | F101: =IF(($K$7+42)>$L$7,"",IFERROR(E101/D101,"")) | G101: =IF(($K$7+42)>$L$7,"",IFERROR(B101/E101,"")) | H101: =IF(($K$7+42)>$L$7,"",SUMIFS('Данные'!$F:$F,'Данные'!$A:$A,">="&($K$7+42),'Данные'!$A:$A,"<"&($K$7+42)+1,'Данные'!$B:$B,$B$3)) | I101: =IF(($K$7+42)>$L$7,"",IFERROR(B101/H101,"")) | J101: =IF(($K$7+42)>$L$7,"",IFERROR(H101/E101,""))
A102: =IF(($K$7+43)>$L$7,"",TEXT(($K$7+43),"DD.MM")&" "&CHOOSE(WEEKDAY(($K$7+43),2),"пн","вт","ср","чт","пт","сб","вс")) | B102: =IF(($K$7+43)>$L$7,"",SUMIFS('Данные'!$C:$C,'Данные'!$A:$A,">="&($K$7+43),'Данные'!$A:$A,"<"&($K$7+43)+1,'Данные'!$B:$B,$B$3)) | C102: =IF(($K$7+43)>$L$7,"",B102*(100+22)/100) | D102: =IF(($K$7+43)>$L$7,"",SUMIFS('Данные'!$D:$D,'Данные'!$A:$A,">="&($K$7+43),'Данные'!$A:$A,"<"&($K$7+43)+1,'Данные'!$B:$B,$B$3)) | E102: =IF(($K$7+43)>$L$7,"",SUMIFS('Данные'!$E:$E,'Данные'!$A:$A,">="&($K$7+43),'Данные'!$A:$A,"<"&($K$7+43)+1,'Данные'!$B:$B,$B$3)) | F102: =IF(($K$7+43)>$L$7,"",IFERROR(E102/D102,"")) | G102: =IF(($K$7+43)>$L$7,"",IFERROR(B102/E102,"")) | H102: =IF(($K$7+43)>$L$7,"",SUMIFS('Данные'!$F:$F,'Данные'!$A:$A,">="&($K$7+43),'Данные'!$A:$A,"<"&($K$7+43)+1,'Данные'!$B:$B,$B$3)) | I102: =IF(($K$7+43)>$L$7,"",IFERROR(B102/H102,"")) | J102: =IF(($K$7+43)>$L$7,"",IFERROR(H102/E102,""))
A103: =IF(($K$7+44)>$L$7,"",TEXT(($K$7+44),"DD.MM")&" "&CHOOSE(WEEKDAY(($K$7+44),2),"пн","вт","ср","чт","пт","сб","вс")) | B103: =IF(($K$7+44)>$L$7,"",SUMIFS('Данные'!$C:$C,'Данные'!$A:$A,">="&($K$7+44),'Данные'!$A:$A,"<"&($K$7+44)+1,'Данные'!$B:$B,$B$3)) | C103: =IF(($K$7+44)>$L$7,"",B103*(100+22)/100) | D103: =IF(($K$7+44)>$L$7,"",SUMIFS('Данные'!$D:$D,'Данные'!$A:$A,">="&($K$7+44),'Данные'!$A:$A,"<"&($K$7+44)+1,'Данные'!$B:$B,$B$3)) | E103: =IF(($K$7+44)>$L$7,"",SUMIFS('Данные'!$E:$E,'Данные'!$A:$A,">="&($K$7+44),'Данные'!$A:$A,"<"&($K$7+44)+1,'Данные'!$B:$B,$B$3)) | F103: =IF(($K$7+44)>$L$7,"",IFERROR(E103/D103,"")) | G103: =IF(($K$7+44)>$L$7,"",IFERROR(B103/E103,"")) | H103: =IF(($K$7+44)>$L$7,"",SUMIFS('Данные'!$F:$F,'Данные'!$A:$A,">="&($K$7+44),'Данные'!$A:$A,"<"&($K$7+44)+1,'Данные'!$B:$B,$B$3)) | I103: =IF(($K$7+44)>$L$7,"",IFERROR(B103/H103,"")) | J103: =IF(($K$7+44)>$L$7,"",IFERROR(H103/E103,""))
...

Sheet Направление 2
A1: ="Сова · "&$B$3
A2: ="Итоги всех кампаний кабинета VK Реклама · данные по "&TEXT($E$3,"DD.MM.YYYY")
A3: Направление | B3: ='⚙ Настройки'!$A$3 | D3: Данные по | E3: ='⚙ Настройки'!$B$7 | G3: Период с | I3: по | N3: 📈 Подписки и расход по дням за период выше
H4: =IF(AND(ISNUMBER(H3),ISNUMBER(J3),H3>J3),"⚠ Дата «с» позже даты «по»",IF(OR(ISNUMBER(H3),ISNUMBER(J3)),"Сравнение — с предыдущим периодом той же длины. Очистите поля, чтобы вернуть текущий месяц.","Пусто — текущий месяц. Дату выбирают двойным щелчком."))
A5: =IF(OR(ISNUMBER($H$3),ISNUMBER($J$3)),"Выбранный период против предыдущего той же длины","Этот месяц против тех же дней прошлого")
A6: Период | B6: Расход | C6: Расход с НДС | D6: Показы | E6: Клики | F6: CTR | G6: CPC | H6: Подписки | I6: Цена подписки | J6: CR в подписку | K6: с | L6: по
A7: =IF(OR(ISNUMBER($H$3),ISNUMBER($J$3)),"Выбранный период","Этот месяц") | B7: =SUMIFS('Данные'!$C:$C,'Данные'!$A:$A,">="&$K$7,'Данные'!$A:$A,"<"&$L$7+1,'Данные'!$B:$B,$B$3) | C7: =B7*(100+22)/100 | D7: =SUMIFS('Данные'!$D:$D,'Данные'!$A:$A,">="&$K$7,'Данные'!$A:$A,"<"&$L$7+1,'Данные'!$B:$B,$B$3) | E7: =SUMIFS('Данные'!$E:$E,'Данные'!$A:$A,">="&$K$7,'Данные'!$A:$A,"<"&$L$7+1,'Данные'!$B:$B,$B$3) | F7: =IFERROR(E7/D7,"") | G7: =IFERROR(B7/E7,"") | H7: =SUMIFS('Данные'!$F:$F,'Данные'!$A:$A,">="&$K$7,'Данные'!$A:$A,"<"&$L$7+1,'Данные'!$B:$B,$B$3) | I7: =IFERROR(B7/H7,"") | J7: =IFERROR(H7/E7,"") | K7: =IF(ISNUMBER($H$3),$H$3,DATE(YEAR(L7),MONTH(L7),1)) | L7: =IF(ISNUMBER($J$3),$J$3,$E$3)
A8: =IF(OR(ISNUMBER($H$3),ISNUMBER($J$3)),"Предыдущий, той же длины","Прошлый, те же дни") | B8: =SUMIFS('Данные'!$C:$C,'Данные'!$A:$A,">="&$K$8,'Данные'!$A:$A,"<"&$L$8+1,'Данные'!$B:$B,$B$3) | C8: =B8*(100+22)/100 | D8: =SUMIFS('Данные'!$D:$D,'Данные'!$A:$A,">="&$K$8,'Данные'!$A:$A,"<"&$L$8+1,'Данные'!$B:$B,$B$3) | E8: =SUMIFS('Данные'!$E:$E,'Данные'!$A:$A,">="&$K$8,'Данные'!$A:$A,"<"&$L$8+1,'Данные'!$B:$B,$B$3) | F8: =IFERROR(E8/D8,"") | G8: =IFERROR(B8/E8,"") | H8: =SUMIFS('Данные'!$F:$F,'Данные'!$A:$A,">="&$K$8,'Данные'!$A:$A,"<"&$L$8+1,'Данные'!$B:$B,$B$3) | I8: =IFERROR(B8/H8,"") | J8: =IFERROR(H8/E8,"") | K8: =IF(OR(ISNUMBER($H$3),ISNUMBER($J$3)),2*K7-L7-1,EDATE(K7,-1)) | L8: =IF(OR(ISNUMBER($H$3),ISNUMBER($J$3)),K7-1,EDATE(L7,-1))
A9: Изменение | B9: =IFERROR(B7/B8-1,"") | C9: =IFERROR(C7/C8-1,"") | D9: =IFERROR(D7/D8-1,"") | E9: =IFERROR(E7/E8-1,"") | F9: =IFERROR(F7/F8-1,"") | G9: =IFERROR(G7/G8-1,"") | H9: =IFERROR(H7/H8-1,"") | I9: =IFERROR(I7/I8-1,"") | J9: =IFERROR(J7/J8-1,"")
A11: 🗓 По завершённым неделям (26)
A12: Неделя | B12: Расход | C12: Расход с НДС | D12: Показы | E12: Клики | F12: CTR | G12: CPC | H12: Подписки | I12: Цена подписки | J12: CR в подписку
A13: =TEXT((($E$3-WEEKDAY($E$3,2)+1-7*(WEEKDAY($E$3,2)<7))-7*25),"DD.MM")&"–"&TEXT((($E$3-WEEKDAY($E$3,2)+1-7*(WEEKDAY($E$3,2)<7))-7*25)+6,"DD.MM.YYYY") | B13: =SUMIFS('Данные'!$C:$C,'Данные'!$A:$A,">="&(($E$3-WEEKDAY($E$3,2)+1-7*(WEEKDAY($E$3,2)<7))-7*25),'Данные'!$A:$A,"<"&((($E$3-WEEKDAY($E$3,2)+1-7*(WEEKDAY($E$3,2)<7))-7*25)+6)+1,'Данные'!$B:$B,$B$3) | C13: =B13*(100+22)/100 | D13: =SUMIFS('Данные'!$D:$D,'Данные'!$A:$A,">="&(($E$3-WEEKDAY($E$3,2)+1-7*(WEEKDAY($E$3,2)<7))-7*25),'Данные'!$A:$A,"<"&((($E$3-WEEKDAY($E$3,2)+1-7*(WEEKDAY($E$3,2)<7))-7*25)+6)+1,'Данные'!$B:$B,$B$3) | E13: =SUMIFS('Данные'!$E:$E,'Данные'!$A:$A,">="&(($E$3-WEEKDAY($E$3,2)+1-7*(WEEKDAY($E$3,2)<7))-7*25),'Данные'!$A:$A,"<"&((($E$3-WEEKDAY($E$3,2)+1-7*(WEEKDAY($E$3,2)<7))-7*25)+6)+1,'Данные'!$B:$B,$B$3) | F13: =IFERROR(E13/D13,"") | G13: =IFERROR(B13/E13,"") | H13: =SUMIFS('Данные'!$F:$F,'Данные'!$A:$A,">="&(($E$3-WEEKDAY($E$3,2)+1-7*(WEEKDAY($E$3,2)<7))-7*25),'Данные'!$A:$A,"<"&((($E$3-WEEKDAY($E$3,2)+1-7*(WEEKDAY($E$3,2)<7))-7*25)+6)+1,'Данные'!$B:$B,$B$3) | I13: =IFERROR(B13/H13,"") | J13: =IFERROR(H13/E13,"")
A14: =TEXT((($E$3-WEEKDAY($E$3,2)+1-7*(WEEKDAY($E$3,2)<7))-7*24),"DD.MM")&"–"&TEXT((($E$3-WEEKDAY($E$3,2)+1-7*(WEEKDAY($E$3,2)<7))-7*24)+6,"DD.MM.YYYY") | B14: =SUMIFS('Данные'!$C:$C,'Данные'!$A:$A,">="&(($E$3-WEEKDAY($E$3,2)+1-7*(WEEKDAY($E$3,2)<7))-7*24),'Данные'!$A:$A,"<"&((($E$3-WEEKDAY($E$3,2)+1-7*(WEEKDAY($E$3,2)<7))-7*24)+6)+1,'Данные'!$B:$B,$B$3) | C14: =B14*(100+22)/100 | D14: =SUMIFS('Данные'!$D:$D,'Данные'!$A:$A,">="&(($E$3-WEEKDAY($E$3,2)+1-7*(WEEKDAY($E$3,2)<7))-7*24),'Данные'!$A:$A,"<"&((($E$3-WEEKDAY($E$3,2)+1-7*(WEEKDAY($E$3,2)<7))-7*24)+6)+1,'Данные'!$B:$B,$B$3) | E14: =SUMIFS('Данные'!$E:$E,'Данные'!$A:$A,">="&(($E$3-WEEKDAY($E$3,2)+1-7*(WEEKDAY($E$3,2)<7))-7*24),'Данные'!$A:$A,"<"&((($E$3-WEEKDAY($E$3,2)+1-7*(WEEKDAY($E$3,2)<7))-7*24)+6)+1,'Данные'!$B:$B,$B$3) | F14: =IFERROR(E14/D14,"") | G14: =IFERROR(B14/E14,"") | H14: =SUMIFS('Данные'!$F:$F,'Данные'!$A:$A,">="&(($E$3-WEEKDAY($E$3,2)+1-7*(WEEKDAY($E$3,2)<7))-7*24),'Данные'!$A:$A,"<"&((($E$3-WEEKDAY($E$3,2)+1-7*(WEEKDAY($E$3,2)<7))-7*24)+6)+1,'Данные'!$B:$B,$B$3) | I14: =IFERROR(B14/H14,"") | J14: =IFERROR(H14/E14,"")
A15: =TEXT((($E$3-WEEKDAY($E$3,2)+1-7*(WEEKDAY($E$3,2)<7))-7*23),"DD.MM")&"–"&TEXT((($E$3-WEEKDAY($E$3,2)+1-7*(WEEKDAY($E$3,2)<7))-7*23)+6,"DD.MM.YYYY") | B15: =SUMIFS('Данные'!$C:$C,'Данные'!$A:$A,">="&(($E$3-WEEKDAY($E$3,2)+1-7*(WEEKDAY($E$3,2)<7))-7*23),'Данные'!$A:$A,"<"&((($E$3-WEEKDAY($E$3,2)+1-7*(WEEKDAY($E$3,2)<7))-7*23)+6)+1,'Данные'!$B:$B,$B$3) | C15: =B15*(100+22)/100 | D15: =SUMIFS('Данные'!$D:$D,'Данные'!$A:$A,">="&(($E$3-WEEKDAY($E$3,2)+1-7*(WEEKDAY($E$3,2)<7))-7*23),'Данные'!$A:$A,"<"&((($E$3-WEEKDAY($E$3,2)+1-7*(WEEKDAY($E$3,2)<7))-7*23)+6)+1,'Данные'!$B:$B,$B$3) | E15: =SUMIFS('Данные'!$E:$E,'Данные'!$A:$A,">="&(($E$3-WEEKDAY($E$3,2)+1-7*(WEEKDAY($E$3,2)<7))-7*23),'Данные'!$A:$A,"<"&((($E$3-WEEKDAY($E$3,2)+1-7*(WEEKDAY($E$3,2)<7))-7*23)+6)+1,'Данные'!$B:$B,$B$3) | F15: =IFERROR(E15/D15,"") | G15: =IFERROR(B15/E15,"") | H15: =SUMIFS('Данные'!$F:$F,'Данные'!$A:$A,">="&(($E$3-WEEKDAY($E$3,2)+1-7*(WEEKDAY($E$3,2)<7))-7*23),'Данные'!$A:$A,"<"&((($E$3-WEEKDAY($E$3,2)+1-7*(WEEKDAY($E$3,2)<7))-7*23)+6)+1,'Данные'!$B:$B,$B$3) | I15: =IFERROR(B15/H15,"") | J15: =IFERROR(H15/E15,"")
A16: =TEXT((($E$3-WEEKDAY($E$3,2)+1-7*(WEEKDAY($E$3,2)<7))-7*22),"DD.MM")&"–"&TEXT((($E$3-WEEKDAY($E$3,2)+1-7*(WEEKDAY($E$3,2)<7))-7*22)+6,"DD.MM.YYYY") | B16: =SUMIFS('Данные'!$C:$C,'Данные'!$A:$A,">="&(($E$3-WEEKDAY($E$3,2)+1-7*(WEEKDAY($E$3,2)<7))-7*22),'Данные'!$A:$A,"<"&((($E$3-WEEKDAY($E$3,2)+1-7*(WEEKDAY($E$3,2)<7))-7*22)+6)+1,'Данные'!$B:$B,$B$3) | C16: =B16*(100+22)/100 | D16: =SUMIFS('Данные'!$D:$D,'Данные'!$A:$A,">="&(($E$3-WEEKDAY($E$3,2)+1-7*(WEEKDAY($E$3,2)<7))-7*22),'Данные'!$A:$A,"<"&((($E$3-WEEKDAY($E$3,2)+1-7*(WEEKDAY($E$3,2)<7))-7*22)+6)+1,'Данные'!$B:$B,$B$3) | E16: =SUMIFS('Данные'!$E:$E,'Данные'!$A:$A,">="&(($E$3-WEEKDAY($E$3,2)+1-7*(WEEKDAY($E$3,2)<7))-7*22),'Данные'!$A:$A,"<"&((($E$3-WEEKDAY($E$3,2)+1-7*(WEEKDAY($E$3,2)<7))-7*22)+6)+1,'Данные'!$B:$B,$B$3) | F16: =IFERROR(E16/D16,"") | G16: =IFERROR(B16/E16,"") | H16: =SUMIFS('Данные'!$F:$F,'Данные'!$A:$A,">="&(($E$3-WEEKDAY($E$3,2)+1-7*(WEEKDAY($E$3,2)<7))-7*22),'Данные'!$A:$A,"<"&((($E$3-WEEKDAY($E$3,2)+1-7*(WEEKDAY($E$3,2)<7))-7*22)+6)+1,'Данные'!$B:$B,$B$3) | I16: =IFERROR(B16/H16,"") | J16: =IFERROR(H16/E16,"")
A17: =TEXT((($E$3-WEEKDAY($E$3,2)+1-7*(WEEKDAY($E$3,2)<7))-7*21),"DD.MM")&"–"&TEXT((($E$3-WEEKDAY($E$3,2)+1-7*(WEEKDAY($E$3,2)<7))-7*21)+6,"DD.MM.YYYY") | B17: =SUMIFS('Данные'!$C:$C,'Данные'!$A:$A,">="&(($E$3-WEEKDAY($E$3,2)+1-7*(WEEKDAY($E$3,2)<7))-7*21),'Данные'!$A:$A,"<"&((($E$3-WEEKDAY($E$3,2)+1-7*(WEEKDAY($E$3,2)<7))-7*21)+6)+1,'Данные'!$B:$B,$B$3) | C17: =B17*(100+22)/100 | D17: =SUMIFS('Данные'!$D:$D,'Данные'!$A:$A,">="&(($E$3-WEEKDAY($E$3,2)+1-7*(WEEKDAY($E$3,2)<7))-7*21),'Данные'!$A:$A,"<"&((($E$3-WEEKDAY($E$3,2)+1-7*(WEEKDAY($E$3,2)<7))-7*21)+6)+1,'Данные'!$B:$B,$B$3) | E17: =SUMIFS('Данные'!$E:$E,'Данные'!$A:$A,">="&(($E$3-WEEKDAY($E$3,2)+1-7*(WEEKDAY($E$3,2)<7))-7*21),'Данные'!$A:$A,"<"&((($E$3-WEEKDAY($E$3,2)+1-7*(WEEKDAY($E$3,2)<7))-7*21)+6)+1,'Данные'!$B:$B,$B$3) | F17: =IFERROR(E17/D17,"") | G17: =IFERROR(B17/E17,"") | H17: =SUMIFS('Данные'!$F:$F,'Данные'!$A:$A,">="&(($E$3-WEEKDAY($E$3,2)+1-7*(WEEKDAY($E$3,2)<7))-7*21),'Данные'!$A:$A,"<"&((($E$3-WEEKDAY($E$3,2)+1-7*(WEEKDAY($E$3,2)<7))-7*21)+6)+1,'Данные'!$B:$B,$B$3) | I17: =IFERROR(B17/H17,"") | J17: =IFERROR(H17/E17,"")
A18: =TEXT((($E$3-WEEKDAY($E$3,2)+1-7*(WEEKDAY($E$3,2)<7))-7*20),"DD.MM")&"–"&TEXT((($E$3-WEEKDAY($E$3,2)+1-7*(WEEKDAY($E$3,2)<7))-7*20)+6,"DD.MM.YYYY") | B18: =SUMIFS('Данные'!$C:$C,'Данные'!$A:$A,">="&(($E$3-WEEKDAY($E$3,2)+1-7*(WEEKDAY($E$3,2)<7))-7*20),'Данные'!$A:$A,"<"&((($E$3-WEEKDAY($E$3,2)+1-7*(WEEKDAY($E$3,2)<7))-7*20)+6)+1,'Данные'!$B:$B,$B$3) | C18: =B18*(100+22)/100 | D18: =SUMIFS('Данные'!$D:$D,'Данные'!$A:$A,">="&(($E$3-WEEKDAY($E$3,2)+1-7*(WEEKDAY($E$3,2)<7))-7*20),'Данные'!$A:$A,"<"&((($E$3-WEEKDAY($E$3,2)+1-7*(WEEKDAY($E$3,2)<7))-7*20)+6)+1,'Данные'!$B:$B,$B$3) | E18: =SUMIFS('Данные'!$E:$E,'Данные'!$A:$A,">="&(($E$3-WEEKDAY($E$3,2)+1-7*(WEEKDAY($E$3,2)<7))-7*20),'Данные'!$A:$A,"<"&((($E$3-WEEKDAY($E$3,2)+1-7*(WEEKDAY($E$3,2)<7))-7*20)+6)+1,'Данные'!$B:$B,$B$3) | F18: =IFERROR(E18/D18,"") | G18: =IFERROR(B18/E18,"") | H18: =SUMIFS('Данные'!$F:$F,'Данные'!$A:$A,">="&(($E$3-WEEKDAY($E$3,2)+1-7*(WEEKDAY($E$3,2)<7))-7*20),'Данные'!$A:$A,"<"&((($E$3-WEEKDAY($E$3,2)+1-7*(WEEKDAY($E$3,2)<7))-7*20)+6)+1,'Данные'!$B:$B,$B$3) | I18: =IFERROR(B18/H18,"") | J18: =IFERROR(H18/E18,"")
A19: =TEXT((($E$3-WEEKDAY($E$3,2)+1-7*(WEEKDAY($E$3,2)<7))-7*19),"DD.MM")&"–"&TEXT((($E$3-WEEKDAY($E$3,2)+1-7*(WEEKDAY($E$3,2)<7))-7*19)+6,"DD.MM.YYYY") | B19: =SUMIFS('Данные'!$C:$C,'Данные'!$A:$A,">="&(($E$3-WEEKDAY($E$3,2)+1-7*(WEEKDAY($E$3,2)<7))-7*19),'Данные'!$A:$A,"<"&((($E$3-WEEKDAY($E$3,2)+1-7*(WEEKDAY($E$3,2)<7))-7*19)+6)+1,'Данные'!$B:$B,$B$3) | C19: =B19*(100+22)/100 | D19: =SUMIFS('Данные'!$D:$D,'Данные'!$A:$A,">="&(($E$3-WEEKDAY($E$3,2)+1-7*(WEEKDAY($E$3,2)<7))-7*19),'Данные'!$A:$A,"<"&((($E$3-WEEKDAY($E$3,2)+1-7*(WEEKDAY($E$3,2)<7))-7*19)+6)+1,'Данные'!$B:$B,$B$3) | E19: =SUMIFS('Данные'!$E:$E,'Данные'!$A:$A,">="&(($E$3-WEEKDAY($E$3,2)+1-7*(WEEKDAY($E$3,2)<7))-7*19),'Данные'!$A:$A,"<"&((($E$3-WEEKDAY($E$3,2)+1-7*(WEEKDAY($E$3,2)<7))-7*19)+6)+1,'Данные'!$B:$B,$B$3) | F19: =IFERROR(E19/D19,"") | G19: =IFERROR(B19/E19,"") | H19: =SUMIFS('Данные'!$F:$F,'Данные'!$A:$A,">="&(($E$3-WEEKDAY($E$3,2)+1-7*(WEEKDAY($E$3,2)<7))-7*19),'Данные'!$A:$A,"<"&((($E$3-WEEKDAY($E$3,2)+1-7*(WEEKDAY($E$3,2)<7))-7*19)+6)+1,'Данные'!$B:$B,$B$3) | I19: =IFERROR(B19/H19,"") | J19: =IFERROR(H19/E19,"")
A20: =TEXT((($E$3-WEEKDAY($E$3,2)+1-7*(WEEKDAY($E$3,2)<7))-7*18),"DD.MM")&"–"&TEXT((($E$3-WEEKDAY($E$3,2)+1-7*(WEEKDAY($E$3,2)<7))-7*18)+6,"DD.MM.YYYY") | B20: =SUMIFS('Данные'!$C:$C,'Данные'!$A:$A,">="&(($E$3-WEEKDAY($E$3,2)+1-7*(WEEKDAY($E$3,2)<7))-7*18),'Данные'!$A:$A,"<"&((($E$3-WEEKDAY($E$3,2)+1-7*(WEEKDAY($E$3,2)<7))-7*18)+6)+1,'Данные'!$B:$B,$B$3) | C20: =B20*(100+22)/100 | D20: =SUMIFS('Данные'!$D:$D,'Данные'!$A:$A,">="&(($E$3-WEEKDAY($E$3,2)+1-7*(WEEKDAY($E$3,2)<7))-7*18),'Данные'!$A:$A,"<"&((($E$3-WEEKDAY($E$3,2)+1-7*(WEEKDAY($E$3,2)<7))-7*18)+6)+1,'Данные'!$B:$B,$B$3) | E20: =SUMIFS('Данные'!$E:$E,'Данные'!$A:$A,">="&(($E$3-WEEKDAY($E$3,2)+1-7*(WEEKDAY($E$3,2)<7))-7*18),'Данные'!$A:$A,"<"&((($E$3-WEEKDAY($E$3,2)+1-7*(WEEKDAY($E$3,2)<7))-7*18)+6)+1,'Данные'!$B:$B,$B$3) | F20: =IFERROR(E20/D20,"") | G20: =IFERROR(B20/E20,"") | H20: =SUMIFS('Данные'!$F:$F,'Данные'!$A:$A,">="&(($E$3-WEEKDAY($E$3,2)+1-7*(WEEKDAY($E$3,2)<7))-7*18),'Данные'!$A:$A,"<"&((($E$3-WEEKDAY($E$3,2)+1-7*(WEEKDAY($E$3,2)<7))-7*18)+6)+1,'Данные'!$B:$B,$B$3) | I20: =IFERROR(B20/H20,"") | J20: =IFERROR(H20/E20,"")
A21: =TEXT((($E$3-WEEKDAY($E$3,2)+1-7*(WEEKDAY($E$3,2)<7))-7*17),"DD.MM")&"–"&TEXT((($E$3-WEEKDAY($E$3,2)+1-7*(WEEKDAY($E$3,2)<7))-7*17)+6,"DD.MM.YYYY") | B21: =SUMIFS('Данные'!$C:$C,'Данные'!$A:$A,">="&(($E$3-WEEKDAY($E$3,2)+1-7*(WEEKDAY($E$3,2)<7))-7*17),'Данные'!$A:$A,"<"&((($E$3-WEEKDAY($E$3,2)+1-7*(WEEKDAY($E$3,2)<7))-7*17)+6)+1,'Данные'!$B:$B,$B$3) | C21: =B21*(100+22)/100 | D21: =SUMIFS('Данные'!$D:$D,'Данные'!$A:$A,">="&(($E$3-WEEKDAY($E$3,2)+1-7*(WEEKDAY($E$3,2)<7))-7*17),'Данные'!$A:$A,"<"&((($E$3-WEEKDAY($E$3,2)+1-7*(WEEKDAY($E$3,2)<7))-7*17)+6)+1,'Данные'!$B:$B,$B$3) | E21: =SUMIFS('Данные'!$E:$E,'Данные'!$A:$A,">="&(($E$3-WEEKDAY($E$3,2)+1-7*(WEEKDAY($E$3,2)<7))-7*17),'Данные'!$A:$A,"<"&((($E$3-WEEKDAY($E$3,2)+1-7*(WEEKDAY($E$3,2)<7))-7*17)+6)+1,'Данные'!$B:$B,$B$3) | F21: =IFERROR(E21/D21,"") | G21: =IFERROR(B21/E21,"") | H21: =SUMIFS('Данные'!$F:$F,'Данные'!$A:$A,">="&(($E$3-WEEKDAY($E$3,2)+1-7*(WEEKDAY($E$3,2)<7))-7*17),'Данные'!$A:$A,"<"&((($E$3-WEEKDAY($E$3,2)+1-7*(WEEKDAY($E$3,2)<7))-7*17)+6)+1,'Данные'!$B:$B,$B$3) | I21: =IFERROR(B21/H21,"") | J21: =IFERROR(H21/E21,"")
A22: =TEXT((($E$3-WEEKDAY($E$3,2)+1-7*(WEEKDAY($E$3,2)<7))-7*16),"DD.MM")&"–"&TEXT((($E$3-WEEKDAY($E$3,2)+1-7*(WEEKDAY($E$3,2)<7))-7*16)+6,"DD.MM.YYYY") | B22: =SUMIFS('Данные'!$C:$C,'Данные'!$A:$A,">="&(($E$3-WEEKDAY($E$3,2)+1-7*(WEEKDAY($E$3,2)<7))-7*16),'Данные'!$A:$A,"<"&((($E$3-WEEKDAY($E$3,2)+1-7*(WEEKDAY($E$3,2)<7))-7*16)+6)+1,'Данные'!$B:$B,$B$3) | C22: =B22*(100+22)/100 | D22: =SUMIFS('Данные'!$D:$D,'Данные'!$A:$A,">="&(($E$3-WEEKDAY($E$3,2)+1-7*(WEEKDAY($E$3,2)<7))-7*16),'Данные'!$A:$A,"<"&((($E$3-WEEKDAY($E$3,2)+1-7*(WEEKDAY($E$3,2)<7))-7*16)+6)+1,'Данные'!$B:$B,$B$3) | E22: =SUMIFS('Данные'!$E:$E,'Данные'!$A:$A,">="&(($E$3-WEEKDAY($E$3,2)+1-7*(WEEKDAY($E$3,2)<7))-7*16),'Данные'!$A:$A,"<"&((($E$3-WEEKDAY($E$3,2)+1-7*(WEEKDAY($E$3,2)<7))-7*16)+6)+1,'Данные'!$B:$B,$B$3) | F22: =IFERROR(E22/D22,"") | G22: =IFERROR(B22/E22,"") | H22: =SUMIFS('Данные'!$F:$F,'Данные'!$A:$A,">="&(($E$3-WEEKDAY($E$3,2)+1-7*(WEEKDAY($E$3,2)<7))-7*16),'Данные'!$A:$A,"<"&((($E$3-WEEKDAY($E$3,2)+1-7*(WEEKDAY($E$3,2)<7))-7*16)+6)+1,'Данные'!$B:$B,$B$3) | I22: =IFERROR(B22/H22,"") | J22: =IFERROR(H22/E22,"")
A23: =TEXT((($E$3-WEEKDAY($E$3,2)+1-7*(WEEKDAY($E$3,2)<7))-7*15),"DD.MM")&"–"&TEXT((($E$3-WEEKDAY($E$3,2)+1-7*(WEEKDAY($E$3,2)<7))-7*15)+6,"DD.MM.YYYY") | B23: =SUMIFS('Данные'!$C:$C,'Данные'!$A:$A,">="&(($E$3-WEEKDAY($E$3,2)+1-7*(WEEKDAY($E$3,2)<7))-7*15),'Данные'!$A:$A,"<"&((($E$3-WEEKDAY($E$3,2)+1-7*(WEEKDAY($E$3,2)<7))-7*15)+6)+1,'Данные'!$B:$B,$B$3) | C23: =B23*(100+22)/100 | D23: =SUMIFS('Данные'!$D:$D,'Данные'!$A:$A,">="&(($E$3-WEEKDAY($E$3,2)+1-7*(WEEKDAY($E$3,2)<7))-7*15),'Данные'!$A:$A,"<"&((($E$3-WEEKDAY($E$3,2)+1-7*(WEEKDAY($E$3,2)<7))-7*15)+6)+1,'Данные'!$B:$B,$B$3) | E23: =SUMIFS('Данные'!$E:$E,'Данные'!$A:$A,">="&(($E$3-WEEKDAY($E$3,2)+1-7*(WEEKDAY($E$3,2)<7))-7*15),'Данные'!$A:$A,"<"&((($E$3-WEEKDAY($E$3,2)+1-7*(WEEKDAY($E$3,2)<7))-7*15)+6)+1,'Данные'!$B:$B,$B$3) | F23: =IFERROR(E23/D23,"") | G23: =IFERROR(B23/E23,"") | H23: =SUMIFS('Данные'!$F:$F,'Данные'!$A:$A,">="&(($E$3-WEEKDAY($E$3,2)+1-7*(WEEKDAY($E$3,2)<7))-7*15),'Данные'!$A:$A,"<"&((($E$3-WEEKDAY($E$3,2)+1-7*(WEEKDAY($E$3,2)<7))-7*15)+6)+1,'Данные'!$B:$B,$B$3) | I23: =IFERROR(B23/H23,"") | J23: =IFERROR(H23/E23,"")
A24: =TEXT((($E$3-WEEKDAY($E$3,2)+1-7*(WEEKDAY($E$3,2)<7))-7*14),"DD.MM")&"–"&TEXT((($E$3-WEEKDAY($E$3,2)+1-7*(WEEKDAY($E$3,2)<7))-7*14)+6,"DD.MM.YYYY") | B24: =SUMIFS('Данные'!$C:$C,'Данные'!$A:$A,">="&(($E$3-WEEKDAY($E$3,2)+1-7*(WEEKDAY($E$3,2)<7))-7*14),'Данные'!$A:$A,"<"&((($E$3-WEEKDAY($E$3,2)+1-7*(WEEKDAY($E$3,2)<7))-7*14)+6)+1,'Данные'!$B:$B,$B$3) | C24: =B24*(100+22)/100 | D24: =SUMIFS('Данные'!$D:$D,'Данные'!$A:$A,">="&(($E$3-WEEKDAY($E$3,2)+1-7*(WEEKDAY($E$3,2)<7))-7*14),'Данные'!$A:$A,"<"&((($E$3-WEEKDAY($E$3,2)+1-7*(WEEKDAY($E$3,2)<7))-7*14)+6)+1,'Данные'!$B:$B,$B$3) | E24: =SUMIFS('Данные'!$E:$E,'Данные'!$A:$A,">="&(($E$3-WEEKDAY($E$3,2)+1-7*(WEEKDAY($E$3,2)<7))-7*14),'Данные'!$A:$A,"<"&((($E$3-WEEKDAY($E$3,2)+1-7*(WEEKDAY($E$3,2)<7))-7*14)+6)+1,'Данные'!$B:$B,$B$3) | F24: =IFERROR(E24/D24,"") | G24: =IFERROR(B24/E24,"") | H24: =SUMIFS('Данные'!$F:$F,'Данные'!$A:$A,">="&(($E$3-WEEKDAY($E$3,2)+1-7*(WEEKDAY($E$3,2)<7))-7*14),'Данные'!$A:$A,"<"&((($E$3-WEEKDAY($E$3,2)+1-7*(WEEKDAY($E$3,2)<7))-7*14)+6)+1,'Данные'!$B:$B,$B$3) | I24: =IFERROR(B24/H24,"") | J24: =IFERROR(H24/E24,"")
A25: =TEXT((($E$3-WEEKDAY($E$3,2)+1-7*(WEEKDAY($E$3,2)<7))-7*13),"DD.MM")&"–"&TEXT((($E$3-WEEKDAY($E$3,2)+1-7*(WEEKDAY($E$3,2)<7))-7*13)+6,"DD.MM.YYYY") | B25: =SUMIFS('Данные'!$C:$C,'Данные'!$A:$A,">="&(($E$3-WEEKDAY($E$3,2)+1-7*(WEEKDAY($E$3,2)<7))-7*13),'Данные'!$A:$A,"<"&((($E$3-WEEKDAY($E$3,2)+1-7*(WEEKDAY($E$3,2)<7))-7*13)+6)+1,'Данные'!$B:$B,$B$3) | C25: =B25*(100+22)/100 | D25: =SUMIFS('Данные'!$D:$D,'Данные'!$A:$A,">="&(($E$3-WEEKDAY($E$3,2)+1-7*(WEEKDAY($E$3,2)<7))-7*13),'Данные'!$A:$A,"<"&((($E$3-WEEKDAY($E$3,2)+1-7*(WEEKDAY($E$3,2)<7))-7*13)+6)+1,'Данные'!$B:$B,$B$3) | E25: =SUMIFS('Данные'!$E:$E,'Данные'!$A:$A,">="&(($E$3-WEEKDAY($E$3,2)+1-7*(WEEKDAY($E$3,2)<7))-7*13),'Данные'!$A:$A,"<"&((($E$3-WEEKDAY($E$3,2)+1-7*(WEEKDAY($E$3,2)<7))-7*13)+6)+1,'Данные'!$B:$B,$B$3) | F25: =IFERROR(E25/D25,"") | G25: =IFERROR(B25/E25,"") | H25: =SUMIFS('Данные'!$F:$F,'Данные'!$A:$A,">="&(($E$3-WEEKDAY($E$3,2)+1-7*(WEEKDAY($E$3,2)<7))-7*13),'Данные'!$A:$A,"<"&((($E$3-WEEKDAY($E$3,2)+1-7*(WEEKDAY($E$3,2)<7))-7*13)+6)+1,'Данные'!$B:$B,$B$3) | I25: =IFERROR(B25/H25,"") | J25: =IFERROR(H25/E25,"")
A26: =TEXT((($E$3-WEEKDAY($E$3,2)+1-7*(WEEKDAY($E$3,2)<7))-7*12),"DD.MM")&"–"&TEXT((($E$3-WEEKDAY($E$3,2)+1-7*(WEEKDAY($E$3,2)<7))-7*12)+6,"DD.MM.YYYY") | B26: =SUMIFS('Данные'!$C:$C,'Данные'!$A:$A,">="&(($E$3-WEEKDAY($E$3,2)+1-7*(WEEKDAY($E$3,2)<7))-7*12),'Данные'!$A:$A,"<"&((($E$3-WEEKDAY($E$3,2)+1-7*(WEEKDAY($E$3,2)<7))-7*12)+6)+1,'Данные'!$B:$B,$B$3) | C26: =B26*(100+22)/100 | D26: =SUMIFS('Данные'!$D:$D,'Данные'!$A:$A,">="&(($E$3-WEEKDAY($E$3,2)+1-7*(WEEKDAY($E$3,2)<7))-7*12),'Данные'!$A:$A,"<"&((($E$3-WEEKDAY($E$3,2)+1-7*(WEEKDAY($E$3,2)<7))-7*12)+6)+1,'Данные'!$B:$B,$B$3) | E26: =SUMIFS('Данные'!$E:$E,'Данные'!$A:$A,">="&(($E$3-WEEKDAY($E$3,2)+1-7*(WEEKDAY($E$3,2)<7))-7*12),'Данные'!$A:$A,"<"&((($E$3-WEEKDAY($E$3,2)+1-7*(WEEKDAY($E$3,2)<7))-7*12)+6)+1,'Данные'!$B:$B,$B$3) | F26: =IFERROR(E26/D26,"") | G26: =IFERROR(B26/E26,"") | H26: =SUMIFS('Данные'!$F:$F,'Данные'!$A:$A,">="&(($E$3-WEEKDAY($E$3,2)+1-7*(WEEKDAY($E$3,2)<7))-7*12),'Данные'!$A:$A,"<"&((($E$3-WEEKDAY($E$3,2)+1-7*(WEEKDAY($E$3,2)<7))-7*12)+6)+1,'Данные'!$B:$B,$B$3) | I26: =IFERROR(B26/H26,"") | J26: =IFERROR(H26/E26,"")
A27: =TEXT((($E$3-WEEKDAY($E$3,2)+1-7*(WEEKDAY($E$3,2)<7))-7*11),"DD.MM")&"–"&TEXT((($E$3-WEEKDAY($E$3,2)+1-7*(WEEKDAY($E$3,2)<7))-7*11)+6,"DD.MM.YYYY") | B27: =SUMIFS('Данные'!$C:$C,'Данные'!$A:$A,">="&(($E$3-WEEKDAY($E$3,2)+1-7*(WEEKDAY($E$3,2)<7))-7*11),'Данные'!$A:$A,"<"&((($E$3-WEEKDAY($E$3,2)+1-7*(WEEKDAY($E$3,2)<7))-7*11)+6)+1,'Данные'!$B:$B,$B$3) | C27: =B27*(100+22)/100 | D27: =SUMIFS('Данные'!$D:$D,'Данные'!$A:$A,">="&(($E$3-WEEKDAY($E$3,2)+1-7*(WEEKDAY($E$3,2)<7))-7*11),'Данные'!$A:$A,"<"&((($E$3-WEEKDAY($E$3,2)+1-7*(WEEKDAY($E$3,2)<7))-7*11)+6)+1,'Данные'!$B:$B,$B$3) | E27: =SUMIFS('Данные'!$E:$E,'Данные'!$A:$A,">="&(($E$3-WEEKDAY($E$3,2)+1-7*(WEEKDAY($E$3,2)<7))-7*11),'Данные'!$A:$A,"<"&((($E$3-WEEKDAY($E$3,2)+1-7*(WEEKDAY($E$3,2)<7))-7*11)+6)+1,'Данные'!$B:$B,$B$3) | F27: =IFERROR(E27/D27,"") | G27: =IFERROR(B27/E27,"") | H27: =SUMIFS('Данные'!$F:$F,'Данные'!$A:$A,">="&(($E$3-WEEKDAY($E$3,2)+1-7*(WEEKDAY($E$3,2)<7))-7*11),'Данные'!$A:$A,"<"&((($E$3-WEEKDAY($E$3,2)+1-7*(WEEKDAY($E$3,2)<7))-7*11)+6)+1,'Данные'!$B:$B,$B$3) | I27: =IFERROR(B27/H27,"") | J27: =IFERROR(H27/E27,"")
A28: =TEXT((($E$3-WEEKDAY($E$3,2)+1-7*(WEEKDAY($E$3,2)<7))-7*10),"DD.MM")&"–"&TEXT((($E$3-WEEKDAY($E$3,2)+1-7*(WEEKDAY($E$3,2)<7))-7*10)+6,"DD.MM.YYYY") | B28: =SUMIFS('Данные'!$C:$C,'Данные'!$A:$A,">="&(($E$3-WEEKDAY($E$3,2)+1-7*(WEEKDAY($E$3,2)<7))-7*10),'Данные'!$A:$A,"<"&((($E$3-WEEKDAY($E$3,2)+1-7*(WEEKDAY($E$3,2)<7))-7*10)+6)+1,'Данные'!$B:$B,$B$3) | C28: =B28*(100+22)/100 | D28: =SUMIFS('Данные'!$D:$D,'Данные'!$A:$A,">="&(($E$3-WEEKDAY($E$3,2)+1-7*(WEEKDAY($E$3,2)<7))-7*10),'Данные'!$A:$A,"<"&((($E$3-WEEKDAY($E$3,2)+1-7*(WEEKDAY($E$3,2)<7))-7*10)+6)+1,'Данные'!$B:$B,$B$3) | E28: =SUMIFS('Данные'!$E:$E,'Данные'!$A:$A,">="&(($E$3-WEEKDAY($E$3,2)+1-7*(WEEKDAY($E$3,2)<7))-7*10),'Данные'!$A:$A,"<"&((($E$3-WEEKDAY($E$3,2)+1-7*(WEEKDAY($E$3,2)<7))-7*10)+6)+1,'Данные'!$B:$B,$B$3) | F28: =IFERROR(E28/D28,"") | G28: =IFERROR(B28/E28,"") | H28: =SUMIFS('Данные'!$F:$F,'Данные'!$A:$A,">="&(($E$3-WEEKDAY($E$3,2)+1-7*(WEEKDAY($E$3,2)<7))-7*10),'Данные'!$A:$A,"<"&((($E$3-WEEKDAY($E$3,2)+1-7*(WEEKDAY($E$3,2)<7))-7*10)+6)+1,'Данные'!$B:$B,$B$3) | I28: =IFERROR(B28/H28,"") | J28: =IFERROR(H28/E28,"")
A29: =TEXT((($E$3-WEEKDAY($E$3,2)+1-7*(WEEKDAY($E$3,2)<7))-7*9),"DD.MM")&"–"&TEXT((($E$3-WEEKDAY($E$3,2)+1-7*(WEEKDAY($E$3,2)<7))-7*9)+6,"DD.MM.YYYY") | B29: =SUMIFS('Данные'!$C:$C,'Данные'!$A:$A,">="&(($E$3-WEEKDAY($E$3,2)+1-7*(WEEKDAY($E$3,2)<7))-7*9),'Данные'!$A:$A,"<"&((($E$3-WEEKDAY($E$3,2)+1-7*(WEEKDAY($E$3,2)<7))-7*9)+6)+1,'Данные'!$B:$B,$B$3) | C29: =B29*(100+22)/100 | D29: =SUMIFS('Данные'!$D:$D,'Данные'!$A:$A,">="&(($E$3-WEEKDAY($E$3,2)+1-7*(WEEKDAY($E$3,2)<7))-7*9),'Данные'!$A:$A,"<"&((($E$3-WEEKDAY($E$3,2)+1-7*(WEEKDAY($E$3,2)<7))-7*9)+6)+1,'Данные'!$B:$B,$B$3) | E29: =SUMIFS('Данные'!$E:$E,'Данные'!$A:$A,">="&(($E$3-WEEKDAY($E$3,2)+1-7*(WEEKDAY($E$3,2)<7))-7*9),'Данные'!$A:$A,"<"&((($E$3-WEEKDAY($E$3,2)+1-7*(WEEKDAY($E$3,2)<7))-7*9)+6)+1,'Данные'!$B:$B,$B$3) | F29: =IFERROR(E29/D29,"") | G29: =IFERROR(B29/E29,"") | H29: =SUMIFS('Данные'!$F:$F,'Данные'!$A:$A,">="&(($E$3-WEEKDAY($E$3,2)+1-7*(WEEKDAY($E$3,2)<7))-7*9),'Данные'!$A:$A,"<"&((($E$3-WEEKDAY($E$3,2)+1-7*(WEEKDAY($E$3,2)<7))-7*9)+6)+1,'Данные'!$B:$B,$B$3) | I29: =IFERROR(B29/H29,"") | J29: =IFERROR(H29/E29,"")
A30: =TEXT((($E$3-WEEKDAY($E$3,2)+1-7*(WEEKDAY($E$3,2)<7))-7*8),"DD.MM")&"–"&TEXT((($E$3-WEEKDAY($E$3,2)+1-7*(WEEKDAY($E$3,2)<7))-7*8)+6,"DD.MM.YYYY") | B30: =SUMIFS('Данные'!$C:$C,'Данные'!$A:$A,">="&(($E$3-WEEKDAY($E$3,2)+1-7*(WEEKDAY($E$3,2)<7))-7*8),'Данные'!$A:$A,"<"&((($E$3-WEEKDAY($E$3,2)+1-7*(WEEKDAY($E$3,2)<7))-7*8)+6)+1,'Данные'!$B:$B,$B$3) | C30: =B30*(100+22)/100 | D30: =SUMIFS('Данные'!$D:$D,'Данные'!$A:$A,">="&(($E$3-WEEKDAY($E$3,2)+1-7*(WEEKDAY($E$3,2)<7))-7*8),'Данные'!$A:$A,"<"&((($E$3-WEEKDAY($E$3,2)+1-7*(WEEKDAY($E$3,2)<7))-7*8)+6)+1,'Данные'!$B:$B,$B$3) | E30: =SUMIFS('Данные'!$E:$E,'Данные'!$A:$A,">="&(($E$3-WEEKDAY($E$3,2)+1-7*(WEEKDAY($E$3,2)<7))-7*8),'Данные'!$A:$A,"<"&((($E$3-WEEKDAY($E$3,2)+1-7*(WEEKDAY($E$3,2)<7))-7*8)+6)+1,'Данные'!$B:$B,$B$3) | F30: =IFERROR(E30/D30,"") | G30: =IFERROR(B30/E30,"") | H30: =SUMIFS('Данные'!$F:$F,'Данные'!$A:$A,">="&(($E$3-WEEKDAY($E$3,2)+1-7*(WEEKDAY($E$3,2)<7))-7*8),'Данные'!$A:$A,"<"&((($E$3-WEEKDAY($E$3,2)+1-7*(WEEKDAY($E$3,2)<7))-7*8)+6)+1,'Данные'!$B:$B,$B$3) | I30: =IFERROR(B30/H30,"") | J30: =IFERROR(H30/E30,"")
A31: =TEXT((($E$3-WEEKDAY($E$3,2)+1-7*(WEEKDAY($E$3,2)<7))-7*7),"DD.MM")&"–"&TEXT((($E$3-WEEKDAY($E$3,2)+1-7*(WEEKDAY($E$3,2)<7))-7*7)+6,"DD.MM.YYYY") | B31: =SUMIFS('Данные'!$C:$C,'Данные'!$A:$A,">="&(($E$3-WEEKDAY($E$3,2)+1-7*(WEEKDAY($E$3,2)<7))-7*7),'Данные'!$A:$A,"<"&((($E$3-WEEKDAY($E$3,2)+1-7*(WEEKDAY($E$3,2)<7))-7*7)+6)+1,'Данные'!$B:$B,$B$3) | C31: =B31*(100+22)/100 | D31: =SUMIFS('Данные'!$D:$D,'Данные'!$A:$A,">="&(($E$3-WEEKDAY($E$3,2)+1-7*(WEEKDAY($E$3,2)<7))-7*7),'Данные'!$A:$A,"<"&((($E$3-WEEKDAY($E$3,2)+1-7*(WEEKDAY($E$3,2)<7))-7*7)+6)+1,'Данные'!$B:$B,$B$3) | E31: =SUMIFS('Данные'!$E:$E,'Данные'!$A:$A,">="&(($E$3-WEEKDAY($E$3,2)+1-7*(WEEKDAY($E$3,2)<7))-7*7),'Данные'!$A:$A,"<"&((($E$3-WEEKDAY($E$3,2)+1-7*(WEEKDAY($E$3,2)<7))-7*7)+6)+1,'Данные'!$B:$B,$B$3) | F31: =IFERROR(E31/D31,"") | G31: =IFERROR(B31/E31,"") | H31: =SUMIFS('Данные'!$F:$F,'Данные'!$A:$A,">="&(($E$3-WEEKDAY($E$3,2)+1-7*(WEEKDAY($E$3,2)<7))-7*7),'Данные'!$A:$A,"<"&((($E$3-WEEKDAY($E$3,2)+1-7*(WEEKDAY($E$3,2)<7))-7*7)+6)+1,'Данные'!$B:$B,$B$3) | I31: =IFERROR(B31/H31,"") | J31: =IFERROR(H31/E31,"")
A32: =TEXT((($E$3-WEEKDAY($E$3,2)+1-7*(WEEKDAY($E$3,2)<7))-7*6),"DD.MM")&"–"&TEXT((($E$3-WEEKDAY($E$3,2)+1-7*(WEEKDAY($E$3,2)<7))-7*6)+6,"DD.MM.YYYY") | B32: =SUMIFS('Данные'!$C:$C,'Данные'!$A:$A,">="&(($E$3-WEEKDAY($E$3,2)+1-7*(WEEKDAY($E$3,2)<7))-7*6),'Данные'!$A:$A,"<"&((($E$3-WEEKDAY($E$3,2)+1-7*(WEEKDAY($E$3,2)<7))-7*6)+6)+1,'Данные'!$B:$B,$B$3) | C32: =B32*(100+22)/100 | D32: =SUMIFS('Данные'!$D:$D,'Данные'!$A:$A,">="&(($E$3-WEEKDAY($E$3,2)+1-7*(WEEKDAY($E$3,2)<7))-7*6),'Данные'!$A:$A,"<"&((($E$3-WEEKDAY($E$3,2)+1-7*(WEEKDAY($E$3,2)<7))-7*6)+6)+1,'Данные'!$B:$B,$B$3) | E32: =SUMIFS('Данные'!$E:$E,'Данные'!$A:$A,">="&(($E$3-WEEKDAY($E$3,2)+1-7*(WEEKDAY($E$3,2)<7))-7*6),'Данные'!$A:$A,"<"&((($E$3-WEEKDAY($E$3,2)+1-7*(WEEKDAY($E$3,2)<7))-7*6)+6)+1,'Данные'!$B:$B,$B$3) | F32: =IFERROR(E32/D32,"") | G32: =IFERROR(B32/E32,"") | H32: =SUMIFS('Данные'!$F:$F,'Данные'!$A:$A,">="&(($E$3-WEEKDAY($E$3,2)+1-7*(WEEKDAY($E$3,2)<7))-7*6),'Данные'!$A:$A,"<"&((($E$3-WEEKDAY($E$3,2)+1-7*(WEEKDAY($E$3,2)<7))-7*6)+6)+1,'Данные'!$B:$B,$B$3) | I32: =IFERROR(B32/H32,"") | J32: =IFERROR(H32/E32,"")
A33: =TEXT((($E$3-WEEKDAY($E$3,2)+1-7*(WEEKDAY($E$3,2)<7))-7*5),"DD.MM")&"–"&TEXT((($E$3-WEEKDAY($E$3,2)+1-7*(WEEKDAY($E$3,2)<7))-7*5)+6,"DD.MM.YYYY") | B33: =SUMIFS('Данные'!$C:$C,'Данные'!$A:$A,">="&(($E$3-WEEKDAY($E$3,2)+1-7*(WEEKDAY($E$3,2)<7))-7*5),'Данные'!$A:$A,"<"&((($E$3-WEEKDAY($E$3,2)+1-7*(WEEKDAY($E$3,2)<7))-7*5)+6)+1,'Данные'!$B:$B,$B$3) | C33: =B33*(100+22)/100 | D33: =SUMIFS('Данные'!$D:$D,'Данные'!$A:$A,">="&(($E$3-WEEKDAY($E$3,2)+1-7*(WEEKDAY($E$3,2)<7))-7*5),'Данные'!$A:$A,"<"&((($E$3-WEEKDAY($E$3,2)+1-7*(WEEKDAY($E$3,2)<7))-7*5)+6)+1,'Данные'!$B:$B,$B$3) | E33: =SUMIFS('Данные'!$E:$E,'Данные'!$A:$A,">="&(($E$3-WEEKDAY($E$3,2)+1-7*(WEEKDAY($E$3,2)<7))-7*5),'Данные'!$A:$A,"<"&((($E$3-WEEKDAY($E$3,2)+1-7*(WEEKDAY($E$3,2)<7))-7*5)+6)+1,'Данные'!$B:$B,$B$3) | F33: =IFERROR(E33/D33,"") | G33: =IFERROR(B33/E33,"") | H33: =SUMIFS('Данные'!$F:$F,'Данные'!$A:$A,">="&(($E$3-WEEKDAY($E$3,2)+1-7*(WEEKDAY($E$3,2)<7))-7*5),'Данные'!$A:$A,"<"&((($E$3-WEEKDAY($E$3,2)+1-7*(WEEKDAY($E$3,2)<7))-7*5)+6)+1,'Данные'!$B:$B,$B$3) | I33: =IFERROR(B33/H33,"") | J33: =IFERROR(H33/E33,"")
A34: =TEXT((($E$3-WEEKDAY($E$3,2)+1-7*(WEEKDAY($E$3,2)<7))-7*4),"DD.MM")&"–"&TEXT((($E$3-WEEKDAY($E$3,2)+1-7*(WEEKDAY($E$3,2)<7))-7*4)+6,"DD.MM.YYYY") | B34: =SUMIFS('Данные'!$C:$C,'Данные'!$A:$A,">="&(($E$3-WEEKDAY($E$3,2)+1-7*(WEEKDAY($E$3,2)<7))-7*4),'Данные'!$A:$A,"<"&((($E$3-WEEKDAY($E$3,2)+1-7*(WEEKDAY($E$3,2)<7))-7*4)+6)+1,'Данные'!$B:$B,$B$3) | C34: =B34*(100+22)/100 | D34: =SUMIFS('Данные'!$D:$D,'Данные'!$A:$A,">="&(($E$3-WEEKDAY($E$3,2)+1-7*(WEEKDAY($E$3,2)<7))-7*4),'Данные'!$A:$A,"<"&((($E$3-WEEKDAY($E$3,2)+1-7*(WEEKDAY($E$3,2)<7))-7*4)+6)+1,'Данные'!$B:$B,$B$3) | E34: =SUMIFS('Данные'!$E:$E,'Данные'!$A:$A,">="&(($E$3-WEEKDAY($E$3,2)+1-7*(WEEKDAY($E$3,2)<7))-7*4),'Данные'!$A:$A,"<"&((($E$3-WEEKDAY($E$3,2)+1-7*(WEEKDAY($E$3,2)<7))-7*4)+6)+1,'Данные'!$B:$B,$B$3) | F34: =IFERROR(E34/D34,"") | G34: =IFERROR(B34/E34,"") | H34: =SUMIFS('Данные'!$F:$F,'Данные'!$A:$A,">="&(($E$3-WEEKDAY($E$3,2)+1-7*(WEEKDAY($E$3,2)<7))-7*4),'Данные'!$A:$A,"<"&((($E$3-WEEKDAY($E$3,2)+1-7*(WEEKDAY($E$3,2)<7))-7*4)+6)+1,'Данные'!$B:$B,$B$3) | I34: =IFERROR(B34/H34,"") | J34: =IFERROR(H34/E34,"")
A35: =TEXT((($E$3-WEEKDAY($E$3,2)+1-7*(WEEKDAY($E$3,2)<7))-7*3),"DD.MM")&"–"&TEXT((($E$3-WEEKDAY($E$3,2)+1-7*(WEEKDAY($E$3,2)<7))-7*3)+6,"DD.MM.YYYY") | B35: =SUMIFS('Данные'!$C:$C,'Данные'!$A:$A,">="&(($E$3-WEEKDAY($E$3,2)+1-7*(WEEKDAY($E$3,2)<7))-7*3),'Данные'!$A:$A,"<"&((($E$3-WEEKDAY($E$3,2)+1-7*(WEEKDAY($E$3,2)<7))-7*3)+6)+1,'Данные'!$B:$B,$B$3) | C35: =B35*(100+22)/100 | D35: =SUMIFS('Данные'!$D:$D,'Данные'!$A:$A,">="&(($E$3-WEEKDAY($E$3,2)+1-7*(WEEKDAY($E$3,2)<7))-7*3),'Данные'!$A:$A,"<"&((($E$3-WEEKDAY($E$3,2)+1-7*(WEEKDAY($E$3,2)<7))-7*3)+6)+1,'Данные'!$B:$B,$B$3) | E35: =SUMIFS('Данные'!$E:$E,'Данные'!$A:$A,">="&(($E$3-WEEKDAY($E$3,2)+1-7*(WEEKDAY($E$3,2)<7))-7*3),'Данные'!$A:$A,"<"&((($E$3-WEEKDAY($E$3,2)+1-7*(WEEKDAY($E$3,2)<7))-7*3)+6)+1,'Данные'!$B:$B,$B$3) | F35: =IFERROR(E35/D35,"") | G35: =IFERROR(B35/E35,"") | H35: =SUMIFS('Данные'!$F:$F,'Данные'!$A:$A,">="&(($E$3-WEEKDAY($E$3,2)+1-7*(WEEKDAY($E$3,2)<7))-7*3),'Данные'!$A:$A,"<"&((($E$3-WEEKDAY($E$3,2)+1-7*(WEEKDAY($E$3,2)<7))-7*3)+6)+1,'Данные'!$B:$B,$B$3) | I35: =IFERROR(B35/H35,"") | J35: =IFERROR(H35/E35,"")
A36: =TEXT((($E$3-WEEKDAY($E$3,2)+1-7*(WEEKDAY($E$3,2)<7))-7*2),"DD.MM")&"–"&TEXT((($E$3-WEEKDAY($E$3,2)+1-7*(WEEKDAY($E$3,2)<7))-7*2)+6,"DD.MM.YYYY") | B36: =SUMIFS('Данные'!$C:$C,'Данные'!$A:$A,">="&(($E$3-WEEKDAY($E$3,2)+1-7*(WEEKDAY($E$3,2)<7))-7*2),'Данные'!$A:$A,"<"&((($E$3-WEEKDAY($E$3,2)+1-7*(WEEKDAY($E$3,2)<7))-7*2)+6)+1,'Данные'!$B:$B,$B$3) | C36: =B36*(100+22)/100 | D36: =SUMIFS('Данные'!$D:$D,'Данные'!$A:$A,">="&(($E$3-WEEKDAY($E$3,2)+1-7*(WEEKDAY($E$3,2)<7))-7*2),'Данные'!$A:$A,"<"&((($E$3-WEEKDAY($E$3,2)+1-7*(WEEKDAY($E$3,2)<7))-7*2)+6)+1,'Данные'!$B:$B,$B$3) | E36: =SUMIFS('Данные'!$E:$E,'Данные'!$A:$A,">="&(($E$3-WEEKDAY($E$3,2)+1-7*(WEEKDAY($E$3,2)<7))-7*2),'Данные'!$A:$A,"<"&((($E$3-WEEKDAY($E$3,2)+1-7*(WEEKDAY($E$3,2)<7))-7*2)+6)+1,'Данные'!$B:$B,$B$3) | F36: =IFERROR(E36/D36,"") | G36: =IFERROR(B36/E36,"") | H36: =SUMIFS('Данные'!$F:$F,'Данные'!$A:$A,">="&(($E$3-WEEKDAY($E$3,2)+1-7*(WEEKDAY($E$3,2)<7))-7*2),'Данные'!$A:$A,"<"&((($E$3-WEEKDAY($E$3,2)+1-7*(WEEKDAY($E$3,2)<7))-7*2)+6)+1,'Данные'!$B:$B,$B$3) | I36: =IFERROR(B36/H36,"") | J36: =IFERROR(H36/E36,"")
A37: =TEXT((($E$3-WEEKDAY($E$3,2)+1-7*(WEEKDAY($E$3,2)<7))-7*1),"DD.MM")&"–"&TEXT((($E$3-WEEKDAY($E$3,2)+1-7*(WEEKDAY($E$3,2)<7))-7*1)+6,"DD.MM.YYYY") | B37: =SUMIFS('Данные'!$C:$C,'Данные'!$A:$A,">="&(($E$3-WEEKDAY($E$3,2)+1-7*(WEEKDAY($E$3,2)<7))-7*1),'Данные'!$A:$A,"<"&((($E$3-WEEKDAY($E$3,2)+1-7*(WEEKDAY($E$3,2)<7))-7*1)+6)+1,'Данные'!$B:$B,$B$3) | C37: =B37*(100+22)/100 | D37: =SUMIFS('Данные'!$D:$D,'Данные'!$A:$A,">="&(($E$3-WEEKDAY($E$3,2)+1-7*(WEEKDAY($E$3,2)<7))-7*1),'Данные'!$A:$A,"<"&((($E$3-WEEKDAY($E$3,2)+1-7*(WEEKDAY($E$3,2)<7))-7*1)+6)+1,'Данные'!$B:$B,$B$3) | E37: =SUMIFS('Данные'!$E:$E,'Данные'!$A:$A,">="&(($E$3-WEEKDAY($E$3,2)+1-7*(WEEKDAY($E$3,2)<7))-7*1),'Данные'!$A:$A,"<"&((($E$3-WEEKDAY($E$3,2)+1-7*(WEEKDAY($E$3,2)<7))-7*1)+6)+1,'Данные'!$B:$B,$B$3) | F37: =IFERROR(E37/D37,"") | G37: =IFERROR(B37/E37,"") | H37: =SUMIFS('Данные'!$F:$F,'Данные'!$A:$A,">="&(($E$3-WEEKDAY($E$3,2)+1-7*(WEEKDAY($E$3,2)<7))-7*1),'Данные'!$A:$A,"<"&((($E$3-WEEKDAY($E$3,2)+1-7*(WEEKDAY($E$3,2)<7))-7*1)+6)+1,'Данные'!$B:$B,$B$3) | I37: =IFERROR(B37/H37,"") | J37: =IFERROR(H37/E37,"")
A38: =TEXT((($E$3-WEEKDAY($E$3,2)+1-7*(WEEKDAY($E$3,2)<7))-7*0),"DD.MM")&"–"&TEXT((($E$3-WEEKDAY($E$3,2)+1-7*(WEEKDAY($E$3,2)<7))-7*0)+6,"DD.MM.YYYY") | B38: =SUMIFS('Данные'!$C:$C,'Данные'!$A:$A,">="&(($E$3-WEEKDAY($E$3,2)+1-7*(WEEKDAY($E$3,2)<7))-7*0),'Данные'!$A:$A,"<"&((($E$3-WEEKDAY($E$3,2)+1-7*(WEEKDAY($E$3,2)<7))-7*0)+6)+1,'Данные'!$B:$B,$B$3) | C38: =B38*(100+22)/100 | D38: =SUMIFS('Данные'!$D:$D,'Данные'!$A:$A,">="&(($E$3-WEEKDAY($E$3,2)+1-7*(WEEKDAY($E$3,2)<7))-7*0),'Данные'!$A:$A,"<"&((($E$3-WEEKDAY($E$3,2)+1-7*(WEEKDAY($E$3,2)<7))-7*0)+6)+1,'Данные'!$B:$B,$B$3) | E38: =SUMIFS('Данные'!$E:$E,'Данные'!$A:$A,">="&(($E$3-WEEKDAY($E$3,2)+1-7*(WEEKDAY($E$3,2)<7))-7*0),'Данные'!$A:$A,"<"&((($E$3-WEEKDAY($E$3,2)+1-7*(WEEKDAY($E$3,2)<7))-7*0)+6)+1,'Данные'!$B:$B,$B$3) | F38: =IFERROR(E38/D38,"") | G38: =IFERROR(B38/E38,"") | H38: =SUMIFS('Данные'!$F:$F,'Данные'!$A:$A,">="&(($E$3-WEEKDAY($E$3,2)+1-7*(WEEKDAY($E$3,2)<7))-7*0),'Данные'!$A:$A,"<"&((($E$3-WEEKDAY($E$3,2)+1-7*(WEEKDAY($E$3,2)<7))-7*0)+6)+1,'Данные'!$B:$B,$B$3) | I38: =IFERROR(B38/H38,"") | J38: =IFERROR(H38/E38,"")
A39: Разница с прошлой неделей | B39: =IFERROR(B38/B37-1,"") | C39: =IFERROR(C38/C37-1,"") | D39: =IFERROR(D38/D37-1,"") | E39: =IFERROR(E38/E37-1,"") | F39: =IFERROR(F38/F37-1,"") | G39: =IFERROR(G38/G37-1,"") | H39: =IFERROR(H38/H37-1,"") | I39: =IFERROR(I38/I37-1,"") | J39: =IFERROR(J38/J37-1,"")
A41: 📅 По завершённым месяцам (12)
A42: Месяц | B42: Расход | C42: Расход с НДС | D42: Показы | E42: Клики | F42: CTR | G42: CPC | H42: Подписки | I42: Цена подписки | J42: CR в подписку
A43: =CHOOSE(MONTH(EDATE(EDATE(DATE(YEAR($E$3),MONTH($E$3),1),-($E$3<EOMONTH($E$3,0))),-11)),"Январь","Февраль","Март","Апрель","Май","Июнь","Июль","Август","Сентябрь","Октябрь","Ноябрь","Декабрь")&" "&YEAR(EDATE(EDATE(DATE(YEAR($E$3),MONTH($E$3),1),-($E$3<EOMONTH($E$3,0))),-11)) | B43: =SUMIFS('Данные'!$C:$C,'Данные'!$A:$A,">="&EDATE(EDATE(DATE(YEAR($E$3),MONTH($E$3),1),-($E$3<EOMONTH($E$3,0))),-11),'Данные'!$A:$A,"<"&EOMONTH(EDATE(EDATE(DATE(YEAR($E$3),MONTH($E$3),1),-($E$3<EOMONTH($E$3,0))),-11),0)+1,'Данные'!$B:$B,$B$3) | C43: =B43*(100+22)/100 | D43: =SUMIFS('Данные'!$D:$D,'Данные'!$A:$A,">="&EDATE(EDATE(DATE(YEAR($E$3),MONTH($E$3),1),-($E$3<EOMONTH($E$3,0))),-11),'Данные'!$A:$A,"<"&EOMONTH(EDATE(EDATE(DATE(YEAR($E$3),MONTH($E$3),1),-($E$3<EOMONTH($E$3,0))),-11),0)+1,'Данные'!$B:$B,$B$3) | E43: =SUMIFS('Данные'!$E:$E,'Данные'!$A:$A,">="&EDATE(EDATE(DATE(YEAR($E$3),MONTH($E$3),1),-($E$3<EOMONTH($E$3,0))),-11),'Данные'!$A:$A,"<"&EOMONTH(EDATE(EDATE(DATE(YEAR($E$3),MONTH($E$3),1),-($E$3<EOMONTH($E$3,0))),-11),0)+1,'Данные'!$B:$B,$B$3) | F43: =IFERROR(E43/D43,"") | G43: =IFERROR(B43/E43,"") | H43: =SUMIFS('Данные'!$F:$F,'Данные'!$A:$A,">="&EDATE(EDATE(DATE(YEAR($E$3),MONTH($E$3),1),-($E$3<EOMONTH($E$3,0))),-11),'Данные'!$A:$A,"<"&EOMONTH(EDATE(EDATE(DATE(YEAR($E$3),MONTH($E$3),1),-($E$3<EOMONTH($E$3,0))),-11),0)+1,'Данные'!$B:$B,$B$3) | I43: =IFERROR(B43/H43,"") | J43: =IFERROR(H43/E43,"")
A44: =CHOOSE(MONTH(EDATE(EDATE(DATE(YEAR($E$3),MONTH($E$3),1),-($E$3<EOMONTH($E$3,0))),-10)),"Январь","Февраль","Март","Апрель","Май","Июнь","Июль","Август","Сентябрь","Октябрь","Ноябрь","Декабрь")&" "&YEAR(EDATE(EDATE(DATE(YEAR($E$3),MONTH($E$3),1),-($E$3<EOMONTH($E$3,0))),-10)) | B44: =SUMIFS('Данные'!$C:$C,'Данные'!$A:$A,">="&EDATE(EDATE(DATE(YEAR($E$3),MONTH($E$3),1),-($E$3<EOMONTH($E$3,0))),-10),'Данные'!$A:$A,"<"&EOMONTH(EDATE(EDATE(DATE(YEAR($E$3),MONTH($E$3),1),-($E$3<EOMONTH($E$3,0))),-10),0)+1,'Данные'!$B:$B,$B$3) | C44: =B44*(100+22)/100 | D44: =SUMIFS('Данные'!$D:$D,'Данные'!$A:$A,">="&EDATE(EDATE(DATE(YEAR($E$3),MONTH($E$3),1),-($E$3<EOMONTH($E$3,0))),-10),'Данные'!$A:$A,"<"&EOMONTH(EDATE(EDATE(DATE(YEAR($E$3),MONTH($E$3),1),-($E$3<EOMONTH($E$3,0))),-10),0)+1,'Данные'!$B:$B,$B$3) | E44: =SUMIFS('Данные'!$E:$E,'Данные'!$A:$A,">="&EDATE(EDATE(DATE(YEAR($E$3),MONTH($E$3),1),-($E$3<EOMONTH($E$3,0))),-10),'Данные'!$A:$A,"<"&EOMONTH(EDATE(EDATE(DATE(YEAR($E$3),MONTH($E$3),1),-($E$3<EOMONTH($E$3,0))),-10),0)+1,'Данные'!$B:$B,$B$3) | F44: =IFERROR(E44/D44,"") | G44: =IFERROR(B44/E44,"") | H44: =SUMIFS('Данные'!$F:$F,'Данные'!$A:$A,">="&EDATE(EDATE(DATE(YEAR($E$3),MONTH($E$3),1),-($E$3<EOMONTH($E$3,0))),-10),'Данные'!$A:$A,"<"&EOMONTH(EDATE(EDATE(DATE(YEAR($E$3),MONTH($E$3),1),-($E$3<EOMONTH($E$3,0))),-10),0)+1,'Данные'!$B:$B,$B$3) | I44: =IFERROR(B44/H44,"") | J44: =IFERROR(H44/E44,"")
A45: =CHOOSE(MONTH(EDATE(EDATE(DATE(YEAR($E$3),MONTH($E$3),1),-($E$3<EOMONTH($E$3,0))),-9)),"Январь","Февраль","Март","Апрель","Май","Июнь","Июль","Август","Сентябрь","Октябрь","Ноябрь","Декабрь")&" "&YEAR(EDATE(EDATE(DATE(YEAR($E$3),MONTH($E$3),1),-($E$3<EOMONTH($E$3,0))),-9)) | B45: =SUMIFS('Данные'!$C:$C,'Данные'!$A:$A,">="&EDATE(EDATE(DATE(YEAR($E$3),MONTH($E$3),1),-($E$3<EOMONTH($E$3,0))),-9),'Данные'!$A:$A,"<"&EOMONTH(EDATE(EDATE(DATE(YEAR($E$3),MONTH($E$3),1),-($E$3<EOMONTH($E$3,0))),-9),0)+1,'Данные'!$B:$B,$B$3) | C45: =B45*(100+22)/100 | D45: =SUMIFS('Данные'!$D:$D,'Данные'!$A:$A,">="&EDATE(EDATE(DATE(YEAR($E$3),MONTH($E$3),1),-($E$3<EOMONTH($E$3,0))),-9),'Данные'!$A:$A,"<"&EOMONTH(EDATE(EDATE(DATE(YEAR($E$3),MONTH($E$3),1),-($E$3<EOMONTH($E$3,0))),-9),0)+1,'Данные'!$B:$B,$B$3) | E45: =SUMIFS('Данные'!$E:$E,'Данные'!$A:$A,">="&EDATE(EDATE(DATE(YEAR($E$3),MONTH($E$3),1),-($E$3<EOMONTH($E$3,0))),-9),'Данные'!$A:$A,"<"&EOMONTH(EDATE(EDATE(DATE(YEAR($E$3),MONTH($E$3),1),-($E$3<EOMONTH($E$3,0))),-9),0)+1,'Данные'!$B:$B,$B$3) | F45: =IFERROR(E45/D45,"") | G45: =IFERROR(B45/E45,"") | H45: =SUMIFS('Данные'!$F:$F,'Данные'!$A:$A,">="&EDATE(EDATE(DATE(YEAR($E$3),MONTH($E$3),1),-($E$3<EOMONTH($E$3,0))),-9),'Данные'!$A:$A,"<"&EOMONTH(EDATE(EDATE(DATE(YEAR($E$3),MONTH($E$3),1),-($E$3<EOMONTH($E$3,0))),-9),0)+1,'Данные'!$B:$B,$B$3) | I45: =IFERROR(B45/H45,"") | J45: =IFERROR(H45/E45,"")
A46: =CHOOSE(MONTH(EDATE(EDATE(DATE(YEAR($E$3),MONTH($E$3),1),-($E$3<EOMONTH($E$3,0))),-8)),"Январь","Февраль","Март","Апрель","Май","Июнь","Июль","Август","Сентябрь","Октябрь","Ноябрь","Декабрь")&" "&YEAR(EDATE(EDATE(DATE(YEAR($E$3),MONTH($E$3),1),-($E$3<EOMONTH($E$3,0))),-8)) | B46: =SUMIFS('Данные'!$C:$C,'Данные'!$A:$A,">="&EDATE(EDATE(DATE(YEAR($E$3),MONTH($E$3),1),-($E$3<EOMONTH($E$3,0))),-8),'Данные'!$A:$A,"<"&EOMONTH(EDATE(EDATE(DATE(YEAR($E$3),MONTH($E$3),1),-($E$3<EOMONTH($E$3,0))),-8),0)+1,'Данные'!$B:$B,$B$3) | C46: =B46*(100+22)/100 | D46: =SUMIFS('Данные'!$D:$D,'Данные'!$A:$A,">="&EDATE(EDATE(DATE(YEAR($E$3),MONTH($E$3),1),-($E$3<EOMONTH($E$3,0))),-8),'Данные'!$A:$A,"<"&EOMONTH(EDATE(EDATE(DATE(YEAR($E$3),MONTH($E$3),1),-($E$3<EOMONTH($E$3,0))),-8),0)+1,'Данные'!$B:$B,$B$3) | E46: =SUMIFS('Данные'!$E:$E,'Данные'!$A:$A,">="&EDATE(EDATE(DATE(YEAR($E$3),MONTH($E$3),1),-($E$3<EOMONTH($E$3,0))),-8),'Данные'!$A:$A,"<"&EOMONTH(EDATE(EDATE(DATE(YEAR($E$3),MONTH($E$3),1),-($E$3<EOMONTH($E$3,0))),-8),0)+1,'Данные'!$B:$B,$B$3) | F46: =IFERROR(E46/D46,"") | G46: =IFERROR(B46/E46,"") | H46: =SUMIFS('Данные'!$F:$F,'Данные'!$A:$A,">="&EDATE(EDATE(DATE(YEAR($E$3),MONTH($E$3),1),-($E$3<EOMONTH($E$3,0))),-8),'Данные'!$A:$A,"<"&EOMONTH(EDATE(EDATE(DATE(YEAR($E$3),MONTH($E$3),1),-($E$3<EOMONTH($E$3,0))),-8),0)+1,'Данные'!$B:$B,$B$3) | I46: =IFERROR(B46/H46,"") | J46: =IFERROR(H46/E46,"")
A47: =CHOOSE(MONTH(EDATE(EDATE(DATE(YEAR($E$3),MONTH($E$3),1),-($E$3<EOMONTH($E$3,0))),-7)),"Январь","Февраль","Март","Апрель","Май","Июнь","Июль","Август","Сентябрь","Октябрь","Ноябрь","Декабрь")&" "&YEAR(EDATE(EDATE(DATE(YEAR($E$3),MONTH($E$3),1),-($E$3<EOMONTH($E$3,0))),-7)) | B47: =SUMIFS('Данные'!$C:$C,'Данные'!$A:$A,">="&EDATE(EDATE(DATE(YEAR($E$3),MONTH($E$3),1),-($E$3<EOMONTH($E$3,0))),-7),'Данные'!$A:$A,"<"&EOMONTH(EDATE(EDATE(DATE(YEAR($E$3),MONTH($E$3),1),-($E$3<EOMONTH($E$3,0))),-7),0)+1,'Данные'!$B:$B,$B$3) | C47: =B47*(100+22)/100 | D47: =SUMIFS('Данные'!$D:$D,'Данные'!$A:$A,">="&EDATE(EDATE(DATE(YEAR($E$3),MONTH($E$3),1),-($E$3<EOMONTH($E$3,0))),-7),'Данные'!$A:$A,"<"&EOMONTH(EDATE(EDATE(DATE(YEAR($E$3),MONTH($E$3),1),-($E$3<EOMONTH($E$3,0))),-7),0)+1,'Данные'!$B:$B,$B$3) | E47: =SUMIFS('Данные'!$E:$E,'Данные'!$A:$A,">="&EDATE(EDATE(DATE(YEAR($E$3),MONTH($E$3),1),-($E$3<EOMONTH($E$3,0))),-7),'Данные'!$A:$A,"<"&EOMONTH(EDATE(EDATE(DATE(YEAR($E$3),MONTH($E$3),1),-($E$3<EOMONTH($E$3,0))),-7),0)+1,'Данные'!$B:$B,$B$3) | F47: =IFERROR(E47/D47,"") | G47: =IFERROR(B47/E47,"") | H47: =SUMIFS('Данные'!$F:$F,'Данные'!$A:$A,">="&EDATE(EDATE(DATE(YEAR($E$3),MONTH($E$3),1),-($E$3<EOMONTH($E$3,0))),-7),'Данные'!$A:$A,"<"&EOMONTH(EDATE(EDATE(DATE(YEAR($E$3),MONTH($E$3),1),-($E$3<EOMONTH($E$3,0))),-7),0)+1,'Данные'!$B:$B,$B$3) | I47: =IFERROR(B47/H47,"") | J47: =IFERROR(H47/E47,"")
A48: =CHOOSE(MONTH(EDATE(EDATE(DATE(YEAR($E$3),MONTH($E$3),1),-($E$3<EOMONTH($E$3,0))),-6)),"Январь","Февраль","Март","Апрель","Май","Июнь","Июль","Август","Сентябрь","Октябрь","Ноябрь","Декабрь")&" "&YEAR(EDATE(EDATE(DATE(YEAR($E$3),MONTH($E$3),1),-($E$3<EOMONTH($E$3,0))),-6)) | B48: =SUMIFS('Данные'!$C:$C,'Данные'!$A:$A,">="&EDATE(EDATE(DATE(YEAR($E$3),MONTH($E$3),1),-($E$3<EOMONTH($E$3,0))),-6),'Данные'!$A:$A,"<"&EOMONTH(EDATE(EDATE(DATE(YEAR($E$3),MONTH($E$3),1),-($E$3<EOMONTH($E$3,0))),-6),0)+1,'Данные'!$B:$B,$B$3) | C48: =B48*(100+22)/100 | D48: =SUMIFS('Данные'!$D:$D,'Данные'!$A:$A,">="&EDATE(EDATE(DATE(YEAR($E$3),MONTH($E$3),1),-($E$3<EOMONTH($E$3,0))),-6),'Данные'!$A:$A,"<"&EOMONTH(EDATE(EDATE(DATE(YEAR($E$3),MONTH($E$3),1),-($E$3<EOMONTH($E$3,0))),-6),0)+1,'Данные'!$B:$B,$B$3) | E48: =SUMIFS('Данные'!$E:$E,'Данные'!$A:$A,">="&EDATE(EDATE(DATE(YEAR($E$3),MONTH($E$3),1),-($E$3<EOMONTH($E$3,0))),-6),'Данные'!$A:$A,"<"&EOMONTH(EDATE(EDATE(DATE(YEAR($E$3),MONTH($E$3),1),-($E$3<EOMONTH($E$3,0))),-6),0)+1,'Данные'!$B:$B,$B$3) | F48: =IFERROR(E48/D48,"") | G48: =IFERROR(B48/E48,"") | H48: =SUMIFS('Данные'!$F:$F,'Данные'!$A:$A,">="&EDATE(EDATE(DATE(YEAR($E$3),MONTH($E$3),1),-($E$3<EOMONTH($E$3,0))),-6),'Данные'!$A:$A,"<"&EOMONTH(EDATE(EDATE(DATE(YEAR($E$3),MONTH($E$3),1),-($E$3<EOMONTH($E$3,0))),-6),0)+1,'Данные'!$B:$B,$B$3) | I48: =IFERROR(B48/H48,"") | J48: =IFERROR(H48/E48,"")
A49: =CHOOSE(MONTH(EDATE(EDATE(DATE(YEAR($E$3),MONTH($E$3),1),-($E$3<EOMONTH($E$3,0))),-5)),"Январь","Февраль","Март","Апрель","Май","Июнь","Июль","Август","Сентябрь","Октябрь","Ноябрь","Декабрь")&" "&YEAR(EDATE(EDATE(DATE(YEAR($E$3),MONTH($E$3),1),-($E$3<EOMONTH($E$3,0))),-5)) | B49: =SUMIFS('Данные'!$C:$C,'Данные'!$A:$A,">="&EDATE(EDATE(DATE(YEAR($E$3),MONTH($E$3),1),-($E$3<EOMONTH($E$3,0))),-5),'Данные'!$A:$A,"<"&EOMONTH(EDATE(EDATE(DATE(YEAR($E$3),MONTH($E$3),1),-($E$3<EOMONTH($E$3,0))),-5),0)+1,'Данные'!$B:$B,$B$3) | C49: =B49*(100+22)/100 | D49: =SUMIFS('Данные'!$D:$D,'Данные'!$A:$A,">="&EDATE(EDATE(DATE(YEAR($E$3),MONTH($E$3),1),-($E$3<EOMONTH($E$3,0))),-5),'Данные'!$A:$A,"<"&EOMONTH(EDATE(EDATE(DATE(YEAR($E$3),MONTH($E$3),1),-($E$3<EOMONTH($E$3,0))),-5),0)+1,'Данные'!$B:$B,$B$3) | E49: =SUMIFS('Данные'!$E:$E,'Данные'!$A:$A,">="&EDATE(EDATE(DATE(YEAR($E$3),MONTH($E$3),1),-($E$3<EOMONTH($E$3,0))),-5),'Данные'!$A:$A,"<"&EOMONTH(EDATE(EDATE(DATE(YEAR($E$3),MONTH($E$3),1),-($E$3<EOMONTH($E$3,0))),-5),0)+1,'Данные'!$B:$B,$B$3) | F49: =IFERROR(E49/D49,"") | G49: =IFERROR(B49/E49,"") | H49: =SUMIFS('Данные'!$F:$F,'Данные'!$A:$A,">="&EDATE(EDATE(DATE(YEAR($E$3),MONTH($E$3),1),-($E$3<EOMONTH($E$3,0))),-5),'Данные'!$A:$A,"<"&EOMONTH(EDATE(EDATE(DATE(YEAR($E$3),MONTH($E$3),1),-($E$3<EOMONTH($E$3,0))),-5),0)+1,'Данные'!$B:$B,$B$3) | I49: =IFERROR(B49/H49,"") | J49: =IFERROR(H49/E49,"")
A50: =CHOOSE(MONTH(EDATE(EDATE(DATE(YEAR($E$3),MONTH($E$3),1),-($E$3<EOMONTH($E$3,0))),-4)),"Январь","Февраль","Март","Апрель","Май","Июнь","Июль","Август","Сентябрь","Октябрь","Ноябрь","Декабрь")&" "&YEAR(EDATE(EDATE(DATE(YEAR($E$3),MONTH($E$3),1),-($E$3<EOMONTH($E$3,0))),-4)) | B50: =SUMIFS('Данные'!$C:$C,'Данные'!$A:$A,">="&EDATE(EDATE(DATE(YEAR($E$3),MONTH($E$3),1),-($E$3<EOMONTH($E$3,0))),-4),'Данные'!$A:$A,"<"&EOMONTH(EDATE(EDATE(DATE(YEAR($E$3),MONTH($E$3),1),-($E$3<EOMONTH($E$3,0))),-4),0)+1,'Данные'!$B:$B,$B$3) | C50: =B50*(100+22)/100 | D50: =SUMIFS('Данные'!$D:$D,'Данные'!$A:$A,">="&EDATE(EDATE(DATE(YEAR($E$3),MONTH($E$3),1),-($E$3<EOMONTH($E$3,0))),-4),'Данные'!$A:$A,"<"&EOMONTH(EDATE(EDATE(DATE(YEAR($E$3),MONTH($E$3),1),-($E$3<EOMONTH($E$3,0))),-4),0)+1,'Данные'!$B:$B,$B$3) | E50: =SUMIFS('Данные'!$E:$E,'Данные'!$A:$A,">="&EDATE(EDATE(DATE(YEAR($E$3),MONTH($E$3),1),-($E$3<EOMONTH($E$3,0))),-4),'Данные'!$A:$A,"<"&EOMONTH(EDATE(EDATE(DATE(YEAR($E$3),MONTH($E$3),1),-($E$3<EOMONTH($E$3,0))),-4),0)+1,'Данные'!$B:$B,$B$3) | F50: =IFERROR(E50/D50,"") | G50: =IFERROR(B50/E50,"") | H50: =SUMIFS('Данные'!$F:$F,'Данные'!$A:$A,">="&EDATE(EDATE(DATE(YEAR($E$3),MONTH($E$3),1),-($E$3<EOMONTH($E$3,0))),-4),'Данные'!$A:$A,"<"&EOMONTH(EDATE(EDATE(DATE(YEAR($E$3),MONTH($E$3),1),-($E$3<EOMONTH($E$3,0))),-4),0)+1,'Данные'!$B:$B,$B$3) | I50: =IFERROR(B50/H50,"") | J50: =IFERROR(H50/E50,"")
A51: =CHOOSE(MONTH(EDATE(EDATE(DATE(YEAR($E$3),MONTH($E$3),1),-($E$3<EOMONTH($E$3,0))),-3)),"Январь","Февраль","Март","Апрель","Май","Июнь","Июль","Август","Сентябрь","Октябрь","Ноябрь","Декабрь")&" "&YEAR(EDATE(EDATE(DATE(YEAR($E$3),MONTH($E$3),1),-($E$3<EOMONTH($E$3,0))),-3)) | B51: =SUMIFS('Данные'!$C:$C,'Данные'!$A:$A,">="&EDATE(EDATE(DATE(YEAR($E$3),MONTH($E$3),1),-($E$3<EOMONTH($E$3,0))),-3),'Данные'!$A:$A,"<"&EOMONTH(EDATE(EDATE(DATE(YEAR($E$3),MONTH($E$3),1),-($E$3<EOMONTH($E$3,0))),-3),0)+1,'Данные'!$B:$B,$B$3) | C51: =B51*(100+22)/100 | D51: =SUMIFS('Данные'!$D:$D,'Данные'!$A:$A,">="&EDATE(EDATE(DATE(YEAR($E$3),MONTH($E$3),1),-($E$3<EOMONTH($E$3,0))),-3),'Данные'!$A:$A,"<"&EOMONTH(EDATE(EDATE(DATE(YEAR($E$3),MONTH($E$3),1),-($E$3<EOMONTH($E$3,0))),-3),0)+1,'Данные'!$B:$B,$B$3) | E51: =SUMIFS('Данные'!$E:$E,'Данные'!$A:$A,">="&EDATE(EDATE(DATE(YEAR($E$3),MONTH($E$3),1),-($E$3<EOMONTH($E$3,0))),-3),'Данные'!$A:$A,"<"&EOMONTH(EDATE(EDATE(DATE(YEAR($E$3),MONTH($E$3),1),-($E$3<EOMONTH($E$3,0))),-3),0)+1,'Данные'!$B:$B,$B$3) | F51: =IFERROR(E51/D51,"") | G51: =IFERROR(B51/E51,"") | H51: =SUMIFS('Данные'!$F:$F,'Данные'!$A:$A,">="&EDATE(EDATE(DATE(YEAR($E$3),MONTH($E$3),1),-($E$3<EOMONTH($E$3,0))),-3),'Данные'!$A:$A,"<"&EOMONTH(EDATE(EDATE(DATE(YEAR($E$3),MONTH($E$3),1),-($E$3<EOMONTH($E$3,0))),-3),0)+1,'Данные'!$B:$B,$B$3) | I51: =IFERROR(B51/H51,"") | J51: =IFERROR(H51/E51,"")
A52: =CHOOSE(MONTH(EDATE(EDATE(DATE(YEAR($E$3),MONTH($E$3),1),-($E$3<EOMONTH($E$3,0))),-2)),"Январь","Февраль","Март","Апрель","Май","Июнь","Июль","Август","Сентябрь","Октябрь","Ноябрь","Декабрь")&" "&YEAR(EDATE(EDATE(DATE(YEAR($E$3),MONTH($E$3),1),-($E$3<EOMONTH($E$3,0))),-2)) | B52: =SUMIFS('Данные'!$C:$C,'Данные'!$A:$A,">="&EDATE(EDATE(DATE(YEAR($E$3),MONTH($E$3),1),-($E$3<EOMONTH($E$3,0))),-2),'Данные'!$A:$A,"<"&EOMONTH(EDATE(EDATE(DATE(YEAR($E$3),MONTH($E$3),1),-($E$3<EOMONTH($E$3,0))),-2),0)+1,'Данные'!$B:$B,$B$3) | C52: =B52*(100+22)/100 | D52: =SUMIFS('Данные'!$D:$D,'Данные'!$A:$A,">="&EDATE(EDATE(DATE(YEAR($E$3),MONTH($E$3),1),-($E$3<EOMONTH($E$3,0))),-2),'Данные'!$A:$A,"<"&EOMONTH(EDATE(EDATE(DATE(YEAR($E$3),MONTH($E$3),1),-($E$3<EOMONTH($E$3,0))),-2),0)+1,'Данные'!$B:$B,$B$3) | E52: =SUMIFS('Данные'!$E:$E,'Данные'!$A:$A,">="&EDATE(EDATE(DATE(YEAR($E$3),MONTH($E$3),1),-($E$3<EOMONTH($E$3,0))),-2),'Данные'!$A:$A,"<"&EOMONTH(EDATE(EDATE(DATE(YEAR($E$3),MONTH($E$3),1),-($E$3<EOMONTH($E$3,0))),-2),0)+1,'Данные'!$B:$B,$B$3) | F52: =IFERROR(E52/D52,"") | G52: =IFERROR(B52/E52,"") | H52: =SUMIFS('Данные'!$F:$F,'Данные'!$A:$A,">="&EDATE(EDATE(DATE(YEAR($E$3),MONTH($E$3),1),-($E$3<EOMONTH($E$3,0))),-2),'Данные'!$A:$A,"<"&EOMONTH(EDATE(EDATE(DATE(YEAR($E$3),MONTH($E$3),1),-($E$3<EOMONTH($E$3,0))),-2),0)+1,'Данные'!$B:$B,$B$3) | I52: =IFERROR(B52/H52,"") | J52: =IFERROR(H52/E52,"")
A53: =CHOOSE(MONTH(EDATE(EDATE(DATE(YEAR($E$3),MONTH($E$3),1),-($E$3<EOMONTH($E$3,0))),-1)),"Январь","Февраль","Март","Апрель","Май","Июнь","Июль","Август","Сентябрь","Октябрь","Ноябрь","Декабрь")&" "&YEAR(EDATE(EDATE(DATE(YEAR($E$3),MONTH($E$3),1),-($E$3<EOMONTH($E$3,0))),-1)) | B53: =SUMIFS('Данные'!$C:$C,'Данные'!$A:$A,">="&EDATE(EDATE(DATE(YEAR($E$3),MONTH($E$3),1),-($E$3<EOMONTH($E$3,0))),-1),'Данные'!$A:$A,"<"&EOMONTH(EDATE(EDATE(DATE(YEAR($E$3),MONTH($E$3),1),-($E$3<EOMONTH($E$3,0))),-1),0)+1,'Данные'!$B:$B,$B$3) | C53: =B53*(100+22)/100 | D53: =SUMIFS('Данные'!$D:$D,'Данные'!$A:$A,">="&EDATE(EDATE(DATE(YEAR($E$3),MONTH($E$3),1),-($E$3<EOMONTH($E$3,0))),-1),'Данные'!$A:$A,"<"&EOMONTH(EDATE(EDATE(DATE(YEAR($E$3),MONTH($E$3),1),-($E$3<EOMONTH($E$3,0))),-1),0)+1,'Данные'!$B:$B,$B$3) | E53: =SUMIFS('Данные'!$E:$E,'Данные'!$A:$A,">="&EDATE(EDATE(DATE(YEAR($E$3),MONTH($E$3),1),-($E$3<EOMONTH($E$3,0))),-1),'Данные'!$A:$A,"<"&EOMONTH(EDATE(EDATE(DATE(YEAR($E$3),MONTH($E$3),1),-($E$3<EOMONTH($E$3,0))),-1),0)+1,'Данные'!$B:$B,$B$3) | F53: =IFERROR(E53/D53,"") | G53: =IFERROR(B53/E53,"") | H53: =SUMIFS('Данные'!$F:$F,'Данные'!$A:$A,">="&EDATE(EDATE(DATE(YEAR($E$3),MONTH($E$3),1),-($E$3<EOMONTH($E$3,0))),-1),'Данные'!$A:$A,"<"&EOMONTH(EDATE(EDATE(DATE(YEAR($E$3),MONTH($E$3),1),-($E$3<EOMONTH($E$3,0))),-1),0)+1,'Данные'!$B:$B,$B$3) | I53: =IFERROR(B53/H53,"") | J53: =IFERROR(H53/E53,"")
A54: =CHOOSE(MONTH(EDATE(EDATE(DATE(YEAR($E$3),MONTH($E$3),1),-($E$3<EOMONTH($E$3,0))),0)),"Январь","Февраль","Март","Апрель","Май","Июнь","Июль","Август","Сентябрь","Октябрь","Ноябрь","Декабрь")&" "&YEAR(EDATE(EDATE(DATE(YEAR($E$3),MONTH($E$3),1),-($E$3<EOMONTH($E$3,0))),0)) | B54: =SUMIFS('Данные'!$C:$C,'Данные'!$A:$A,">="&EDATE(EDATE(DATE(YEAR($E$3),MONTH($E$3),1),-($E$3<EOMONTH($E$3,0))),0),'Данные'!$A:$A,"<"&EOMONTH(EDATE(EDATE(DATE(YEAR($E$3),MONTH($E$3),1),-($E$3<EOMONTH($E$3,0))),0),0)+1,'Данные'!$B:$B,$B$3) | C54: =B54*(100+22)/100 | D54: =SUMIFS('Данные'!$D:$D,'Данные'!$A:$A,">="&EDATE(EDATE(DATE(YEAR($E$3),MONTH($E$3),1),-($E$3<EOMONTH($E$3,0))),0),'Данные'!$A:$A,"<"&EOMONTH(EDATE(EDATE(DATE(YEAR($E$3),MONTH($E$3),1),-($E$3<EOMONTH($E$3,0))),0),0)+1,'Данные'!$B:$B,$B$3) | E54: =SUMIFS('Данные'!$E:$E,'Данные'!$A:$A,">="&EDATE(EDATE(DATE(YEAR($E$3),MONTH($E$3),1),-($E$3<EOMONTH($E$3,0))),0),'Данные'!$A:$A,"<"&EOMONTH(EDATE(EDATE(DATE(YEAR($E$3),MONTH($E$3),1),-($E$3<EOMONTH($E$3,0))),0),0)+1,'Данные'!$B:$B,$B$3) | F54: =IFERROR(E54/D54,"") | G54: =IFERROR(B54/E54,"") | H54: =SUMIFS('Данные'!$F:$F,'Данные'!$A:$A,">="&EDATE(EDATE(DATE(YEAR($E$3),MONTH($E$3),1),-($E$3<EOMONTH($E$3,0))),0),'Данные'!$A:$A,"<"&EOMONTH(EDATE(EDATE(DATE(YEAR($E$3),MONTH($E$3),1),-($E$3<EOMONTH($E$3,0))),0),0)+1,'Данные'!$B:$B,$B$3) | I54: =IFERROR(B54/H54,"") | J54: =IFERROR(H54/E54,"")
A55: Разница с прошлым месяцем | B55: =IFERROR(B54/B53-1,"") | C55: =IFERROR(C54/C53-1,"") | D55: =IFERROR(D54/D53-1,"") | E55: =IFERROR(E54/E53-1,"") | F55: =IFERROR(F54/F53-1,"") | G55: =IFERROR(G54/G53-1,"") | H55: =IFERROR(H54/H53-1,"") | I55: =IFERROR(I54/I53-1,"") | J55: =IFERROR(J54/J53-1,"")
A57: ="📆 По дням: "&TEXT($K$7,"DD.MM.YYYY")&" — "&TEXT($L$7,"DD.MM.YYYY")
A58: День | B58: Расход | C58: Расход с НДС | D58: Показы | E58: Клики | F58: CTR | G58: CPC | H58: Подписки | I58: Цена подписки | J58: CR в подписку
A59: =IF(($K$7+0)>$L$7,"",TEXT(($K$7+0),"DD.MM")&" "&CHOOSE(WEEKDAY(($K$7+0),2),"пн","вт","ср","чт","пт","сб","вс")) | B59: =IF(($K$7+0)>$L$7,"",SUMIFS('Данные'!$C:$C,'Данные'!$A:$A,">="&($K$7+0),'Данные'!$A:$A,"<"&($K$7+0)+1,'Данные'!$B:$B,$B$3)) | C59: =IF(($K$7+0)>$L$7,"",B59*(100+22)/100) | D59: =IF(($K$7+0)>$L$7,"",SUMIFS('Данные'!$D:$D,'Данные'!$A:$A,">="&($K$7+0),'Данные'!$A:$A,"<"&($K$7+0)+1,'Данные'!$B:$B,$B$3)) | E59: =IF(($K$7+0)>$L$7,"",SUMIFS('Данные'!$E:$E,'Данные'!$A:$A,">="&($K$7+0),'Данные'!$A:$A,"<"&($K$7+0)+1,'Данные'!$B:$B,$B$3)) | F59: =IF(($K$7+0)>$L$7,"",IFERROR(E59/D59,"")) | G59: =IF(($K$7+0)>$L$7,"",IFERROR(B59/E59,"")) | H59: =IF(($K$7+0)>$L$7,"",SUMIFS('Данные'!$F:$F,'Данные'!$A:$A,">="&($K$7+0),'Данные'!$A:$A,"<"&($K$7+0)+1,'Данные'!$B:$B,$B$3)) | I59: =IF(($K$7+0)>$L$7,"",IFERROR(B59/H59,"")) | J59: =IF(($K$7+0)>$L$7,"",IFERROR(H59/E59,""))
A60: =IF(($K$7+1)>$L$7,"",TEXT(($K$7+1),"DD.MM")&" "&CHOOSE(WEEKDAY(($K$7+1),2),"пн","вт","ср","чт","пт","сб","вс")) | B60: =IF(($K$7+1)>$L$7,"",SUMIFS('Данные'!$C:$C,'Данные'!$A:$A,">="&($K$7+1),'Данные'!$A:$A,"<"&($K$7+1)+1,'Данные'!$B:$B,$B$3)) | C60: =IF(($K$7+1)>$L$7,"",B60*(100+22)/100) | D60: =IF(($K$7+1)>$L$7,"",SUMIFS('Данные'!$D:$D,'Данные'!$A:$A,">="&($K$7+1),'Данные'!$A:$A,"<"&($K$7+1)+1,'Данные'!$B:$B,$B$3)) | E60: =IF(($K$7+1)>$L$7,"",SUMIFS('Данные'!$E:$E,'Данные'!$A:$A,">="&($K$7+1),'Данные'!$A:$A,"<"&($K$7+1)+1,'Данные'!$B:$B,$B$3)) | F60: =IF(($K$7+1)>$L$7,"",IFERROR(E60/D60,"")) | G60: =IF(($K$7+1)>$L$7,"",IFERROR(B60/E60,"")) | H60: =IF(($K$7+1)>$L$7,"",SUMIFS('Данные'!$F:$F,'Данные'!$A:$A,">="&($K$7+1),'Данные'!$A:$A,"<"&($K$7+1)+1,'Данные'!$B:$B,$B$3)) | I60: =IF(($K$7+1)>$L$7,"",IFERROR(B60/H60,"")) | J60: =IF(($K$7+1)>$L$7,"",IFERROR(H60/E60,""))
A61: =IF(($K$7+2)>$L$7,"",TEXT(($K$7+2),"DD.MM")&" "&CHOOSE(WEEKDAY(($K$7+2),2),"пн","вт","ср","чт","пт","сб","вс")) | B61: =IF(($K$7+2)>$L$7,"",SUMIFS('Данные'!$C:$C,'Данные'!$A:$A,">="&($K$7+2),'Данные'!$A:$A,"<"&($K$7+2)+1,'Данные'!$B:$B,$B$3)) | C61: =IF(($K$7+2)>$L$7,"",B61*(100+22)/100) | D61: =IF(($K$7+2)>$L$7,"",SUMIFS('Данные'!$D:$D,'Данные'!$A:$A,">="&($K$7+2),'Данные'!$A:$A,"<"&($K$7+2)+1,'Данные'!$B:$B,$B$3)) | E61: =IF(($K$7+2)>$L$7,"",SUMIFS('Данные'!$E:$E,'Данные'!$A:$A,">="&($K$7+2),'Данные'!$A:$A,"<"&($K$7+2)+1,'Данные'!$B:$B,$B$3)) | F61: =IF(($K$7+2)>$L$7,"",IFERROR(E61/D61,"")) | G61: =IF(($K$7+2)>$L$7,"",IFERROR(B61/E61,"")) | H61: =IF(($K$7+2)>$L$7,"",SUMIFS('Данные'!$F:$F,'Данные'!$A:$A,">="&($K$7+2),'Данные'!$A:$A,"<"&($K$7+2)+1,'Данные'!$B:$B,$B$3)) | I61: =IF(($K$7+2)>$L$7,"",IFERROR(B61/H61,"")) | J61: =IF(($K$7+2)>$L$7,"",IFERROR(H61/E61,""))
A62: =IF(($K$7+3)>$L$7,"",TEXT(($K$7+3),"DD.MM")&" "&CHOOSE(WEEKDAY(($K$7+3),2),"пн","вт","ср","чт","пт","сб","вс")) | B62: =IF(($K$7+3)>$L$7,"",SUMIFS('Данные'!$C:$C,'Данные'!$A:$A,">="&($K$7+3),'Данные'!$A:$A,"<"&($K$7+3)+1,'Данные'!$B:$B,$B$3)) | C62: =IF(($K$7+3)>$L$7,"",B62*(100+22)/100) | D62: =IF(($K$7+3)>$L$7,"",SUMIFS('Данные'!$D:$D,'Данные'!$A:$A,">="&($K$7+3),'Данные'!$A:$A,"<"&($K$7+3)+1,'Данные'!$B:$B,$B$3)) | E62: =IF(($K$7+3)>$L$7,"",SUMIFS('Данные'!$E:$E,'Данные'!$A:$A,">="&($K$7+3),'Данные'!$A:$A,"<"&($K$7+3)+1,'Данные'!$B:$B,$B$3)) | F62: =IF(($K$7+3)>$L$7,"",IFERROR(E62/D62,"")) | G62: =IF(($K$7+3)>$L$7,"",IFERROR(B62/E62,"")) | H62: =IF(($K$7+3)>$L$7,"",SUMIFS('Данные'!$F:$F,'Данные'!$A:$A,">="&($K$7+3),'Данные'!$A:$A,"<"&($K$7+3)+1,'Данные'!$B:$B,$B$3)) | I62: =IF(($K$7+3)>$L$7,"",IFERROR(B62/H62,"")) | J62: =IF(($K$7+3)>$L$7,"",IFERROR(H62/E62,""))
A63: =IF(($K$7+4)>$L$7,"",TEXT(($K$7+4),"DD.MM")&" "&CHOOSE(WEEKDAY(($K$7+4),2),"пн","вт","ср","чт","пт","сб","вс")) | B63: =IF(($K$7+4)>$L$7,"",SUMIFS('Данные'!$C:$C,'Данные'!$A:$A,">="&($K$7+4),'Данные'!$A:$A,"<"&($K$7+4)+1,'Данные'!$B:$B,$B$3)) | C63: =IF(($K$7+4)>$L$7,"",B63*(100+22)/100) | D63: =IF(($K$7+4)>$L$7,"",SUMIFS('Данные'!$D:$D,'Данные'!$A:$A,">="&($K$7+4),'Данные'!$A:$A,"<"&($K$7+4)+1,'Данные'!$B:$B,$B$3)) | E63: =IF(($K$7+4)>$L$7,"",SUMIFS('Данные'!$E:$E,'Данные'!$A:$A,">="&($K$7+4),'Данные'!$A:$A,"<"&($K$7+4)+1,'Данные'!$B:$B,$B$3)) | F63: =IF(($K$7+4)>$L$7,"",IFERROR(E63/D63,"")) | G63: =IF(($K$7+4)>$L$7,"",IFERROR(B63/E63,"")) | H63: =IF(($K$7+4)>$L$7,"",SUMIFS('Данные'!$F:$F,'Данные'!$A:$A,">="&($K$7+4),'Данные'!$A:$A,"<"&($K$7+4)+1,'Данные'!$B:$B,$B$3)) | I63: =IF(($K$7+4)>$L$7,"",IFERROR(B63/H63,"")) | J63: =IF(($K$7+4)>$L$7,"",IFERROR(H63/E63,""))
A64: =IF(($K$7+5)>$L$7,"",TEXT(($K$7+5),"DD.MM")&" "&CHOOSE(WEEKDAY(($K$7+5),2),"пн","вт","ср","чт","пт","сб","вс")) | B64: =IF(($K$7+5)>$L$7,"",SUMIFS('Данные'!$C:$C,'Данные'!$A:$A,">="&($K$7+5),'Данные'!$A:$A,"<"&($K$7+5)+1,'Данные'!$B:$B,$B$3)) | C64: =IF(($K$7+5)>$L$7,"",B64*(100+22)/100) | D64: =IF(($K$7+5)>$L$7,"",SUMIFS('Данные'!$D:$D,'Данные'!$A:$A,">="&($K$7+5),'Данные'!$A:$A,"<"&($K$7+5)+1,'Данные'!$B:$B,$B$3)) | E64: =IF(($K$7+5)>$L$7,"",SUMIFS('Данные'!$E:$E,'Данные'!$A:$A,">="&($K$7+5),'Данные'!$A:$A,"<"&($K$7+5)+1,'Данные'!$B:$B,$B$3)) | F64: =IF(($K$7+5)>$L$7,"",IFERROR(E64/D64,"")) | G64: =IF(($K$7+5)>$L$7,"",IFERROR(B64/E64,"")) | H64: =IF(($K$7+5)>$L$7,"",SUMIFS('Данные'!$F:$F,'Данные'!$A:$A,">="&($K$7+5),'Данные'!$A:$A,"<"&($K$7+5)+1,'Данные'!$B:$B,$B$3)) | I64: =IF(($K$7+5)>$L$7,"",IFERROR(B64/H64,"")) | J64: =IF(($K$7+5)>$L$7,"",IFERROR(H64/E64,""))
A65: =IF(($K$7+6)>$L$7,"",TEXT(($K$7+6),"DD.MM")&" "&CHOOSE(WEEKDAY(($K$7+6),2),"пн","вт","ср","чт","пт","сб","вс")) | B65: =IF(($K$7+6)>$L$7,"",SUMIFS('Данные'!$C:$C,'Данные'!$A:$A,">="&($K$7+6),'Данные'!$A:$A,"<"&($K$7+6)+1,'Данные'!$B:$B,$B$3)) | C65: =IF(($K$7+6)>$L$7,"",B65*(100+22)/100) | D65: =IF(($K$7+6)>$L$7,"",SUMIFS('Данные'!$D:$D,'Данные'!$A:$A,">="&($K$7+6),'Данные'!$A:$A,"<"&($K$7+6)+1,'Данные'!$B:$B,$B$3)) | E65: =IF(($K$7+6)>$L$7,"",SUMIFS('Данные'!$E:$E,'Данные'!$A:$A,">="&($K$7+6),'Данные'!$A:$A,"<"&($K$7+6)+1,'Данные'!$B:$B,$B$3)) | F65: =IF(($K$7+6)>$L$7,"",IFERROR(E65/D65,"")) | G65: =IF(($K$7+6)>$L$7,"",IFERROR(B65/E65,"")) | H65: =IF(($K$7+6)>$L$7,"",SUMIFS('Данные'!$F:$F,'Данные'!$A:$A,">="&($K$7+6),'Данные'!$A:$A,"<"&($K$7+6)+1,'Данные'!$B:$B,$B$3)) | I65: =IF(($K$7+6)>$L$7,"",IFERROR(B65/H65,"")) | J65: =IF(($K$7+6)>$L$7,"",IFERROR(H65/E65,""))
A66: =IF(($K$7+7)>$L$7,"",TEXT(($K$7+7),"DD.MM")&" "&CHOOSE(WEEKDAY(($K$7+7),2),"пн","вт","ср","чт","пт","сб","вс")) | B66: =IF(($K$7+7)>$L$7,"",SUMIFS('Данные'!$C:$C,'Данные'!$A:$A,">="&($K$7+7),'Данные'!$A:$A,"<"&($K$7+7)+1,'Данные'!$B:$B,$B$3)) | C66: =IF(($K$7+7)>$L$7,"",B66*(100+22)/100) | D66: =IF(($K$7+7)>$L$7,"",SUMIFS('Данные'!$D:$D,'Данные'!$A:$A,">="&($K$7+7),'Данные'!$A:$A,"<"&($K$7+7)+1,'Данные'!$B:$B,$B$3)) | E66: =IF(($K$7+7)>$L$7,"",SUMIFS('Данные'!$E:$E,'Данные'!$A:$A,">="&($K$7+7),'Данные'!$A:$A,"<"&($K$7+7)+1,'Данные'!$B:$B,$B$3)) | F66: =IF(($K$7+7)>$L$7,"",IFERROR(E66/D66,"")) | G66: =IF(($K$7+7)>$L$7,"",IFERROR(B66/E66,"")) | H66: =IF(($K$7+7)>$L$7,"",SUMIFS('Данные'!$F:$F,'Данные'!$A:$A,">="&($K$7+7),'Данные'!$A:$A,"<"&($K$7+7)+1,'Данные'!$B:$B,$B$3)) | I66: =IF(($K$7+7)>$L$7,"",IFERROR(B66/H66,"")) | J66: =IF(($K$7+7)>$L$7,"",IFERROR(H66/E66,""))
